{
	"credit": "Made with Blockbench",
	"textures": {
		"1": "girsignals:blocks/default/shield_black",
		"2": "girsignals:blocks/zs/zs3v",
		"particle": "girsignals:blocks/default/shield_black",
		"overlay": "girsignals:blocks/zs3/z8"
	},
	"elements": [
		{
			"from": [6, 4.5, 6.98],
			"to": [10, 10.5, 6.98],
			"faces": {
				"north": {"uv": [0, 0, 5, 7], "texture": "#overlay", "tintindex": 1}
			}
		},
		{
			"from": [5.5, 4, 7],
			"to": [10.5, 5, 8],
			"faces": {
				"north": {"uv": [3, 6, 8, 7], "texture": "#2"},
				"east": {"uv": [0, 0, 5, 1.5], "texture": "#1"},
				"south": {"uv": [0, 0, 5, 1.5], "texture": "#1"},
				"west": {"uv": [0, 0, 5, 1.5], "texture": "#1"},
				"down": {"uv": [0, 0, 5, 1.5], "texture": "#1"}
			}
		},
		{
			"from": [4.5, 6, 7],
			"to": [11.5, 7, 8],
			"faces": {
				"north": {"uv": [2, 4, 9, 5], "texture": "#2"},
				"east": {"uv": [0, 0, 5, 1.5], "texture": "#1"},
				"south": {"uv": [0, 0, 5, 1.5], "texture": "#1"},
				"west": {"uv": [0, 0, 5, 1.5], "texture": "#1"},
				"down": {"uv": [0, 0, 5, 1.5], "texture": "#1"}
			}
		},
		{
			"from": [7.5, 0, 7],
			"to": [8.5, 1, 8],
			"faces": {
				"north": {"uv": [5, 10, 6, 11], "texture": "#2"},
				"east": {"uv": [0, 0, 1, 1.5], "texture": "#1"},
				"south": {"uv": [0, 0, 1, 1.5], "texture": "#1"},
				"west": {"uv": [0, 0, 1, 1.5], "texture": "#1"},
				"down": {"uv": [0, 0, 1, 1.5], "texture": "#1"}
			}
		},
		{
			"from": [6.5, 2, 7],
			"to": [9.5, 3, 8],
			"faces": {
				"north": {"uv": [4, 8, 7, 9], "texture": "#2"},
				"east": {"uv": [0, 0, 3, 1.5], "texture": "#1"},
				"south": {"uv": [0, 0, 3, 1.5], "texture": "#1"},
				"west": {"uv": [0, 0, 3, 1.5], "texture": "#1"},
				"down": {"uv": [0, 0, 3, 1.5], "texture": "#1"}
			}
		},
		{
			"from": [7, 1, 7],
			"to": [9, 2, 8],
			"faces": {
				"north": {"uv": [4.5, 9, 6.5, 10], "texture": "#2"},
				"east": {"uv": [0, 0, 3, 1.5], "texture": "#1"},
				"south": {"uv": [0, 0, 3, 1.5], "texture": "#1"},
				"west": {"uv": [0, 0, 3, 1.5], "texture": "#1"},
				"down": {"uv": [0, 0, 3, 1.5], "texture": "#1"}
			}
		},
		{
			"from": [6, 3, 7],
			"to": [10, 4, 8],
			"faces": {
				"north": {"uv": [3.5, 7, 7.5, 8], "texture": "#2"},
				"east": {"uv": [0, 0, 3, 1.5], "texture": "#1"},
				"south": {"uv": [0, 0, 3, 1.5], "texture": "#1"},
				"west": {"uv": [0, 0, 3, 1.5], "texture": "#1"},
				"down": {"uv": [0, 0, 3, 1.5], "texture": "#1"}
			}
		},
		{
			"from": [5, 5, 7],
			"to": [11, 6, 8],
			"faces": {
				"north": {"uv": [2.5, 5, 8.5, 6], "texture": "#2"},
				"east": {"uv": [0, 0, 1, 1.5], "texture": "#1"},
				"south": {"uv": [0, 0, 1, 1.5], "texture": "#1"},
				"west": {"uv": [0, 0, 1, 1.5], "texture": "#1"},
				"down": {"uv": [0, 0, 1, 1.5], "texture": "#1"}
			}
		},
		{
			"from": [4, 7, 7],
			"to": [12, 8, 8],
			"faces": {
				"north": {"uv": [1.5, 3, 9.5, 4], "texture": "#2"},
				"east": {"uv": [0, 0, 1, 1.5], "texture": "#1"},
				"south": {"uv": [0, 0, 1, 1.5], "texture": "#1"},
				"west": {"uv": [0, 0, 1, 1.5], "texture": "#1"},
				"down": {"uv": [0, 0, 1, 1.5], "texture": "#1"}
			}
		},
		{
			"from": [3, 9, 7],
			"to": [13, 10, 8],
			"faces": {
				"north": {"uv": [0.5, 1, 10.5, 2], "texture": "#2"},
				"east": {"uv": [0, 0, 1, 1.5], "texture": "#1"},
				"south": {"uv": [0, 0, 1, 1.5], "texture": "#1"},
				"west": {"uv": [0, 0, 1, 1.5], "texture": "#1"},
				"down": {"uv": [0, 0, 1, 1.5], "texture": "#1"}
			}
		},
		{
			"from": [3.5, 8, 7],
			"to": [12.5, 9, 8],
			"faces": {
				"north": {"uv": [1, 2, 10, 3], "texture": "#2"},
				"east": {"uv": [0, 0, 9, 1.5], "texture": "#1"},
				"south": {"uv": [0, 0, 9, 1.5], "texture": "#1"},
				"west": {"uv": [0, 0, 9, 1.5], "texture": "#1"},
				"down": {"uv": [0, 0, 9, 1.5], "texture": "#1"}
			}
		},
		{
			"from": [2.5, 10, 7],
			"to": [13.5, 11, 8],
			"faces": {
				"north": {"uv": [0, 0, 11, 1], "texture": "#2"},
				"east": {"uv": [0, 0, 11, 1.5], "texture": "#1"},
				"south": {"uv": [0, 0, 11, 1.5], "texture": "#1"},
				"west": {"uv": [0, 0, 11, 1.5], "texture": "#1"},
				"up": {"uv": [0, 0, 11, 1.5], "texture": "#1"},
				"down": {"uv": [0, 0, 11, 1.5], "texture": "#1"}
			}
		},
		{
			"from": [7, 5, 8],
			"to": [9, 6, 10],
			"faces": {
				"north": {"uv": [0, 0, 2, 2], "texture": "#1"},
				"east": {"uv": [0, 0, 2, 2], "texture": "#1"},
				"south": {"uv": [0, 0, 2, 2], "texture": "#1"},
				"west": {"uv": [0, 0, 2, 2], "texture": "#1"},
				"up": {"uv": [0, 0, 2, 2], "texture": "#1"},
				"down": {"uv": [0, 0, 2, 2], "texture": "#1"}
			}
		}
	],
	"groups": [
		0,
		{
			"name": "sign",
			"origin": [8, 8, 8],
			"color": 0,
			"children": [1, 2, 3, 4, 5, 6, 7, 8, 9, 10, 11]
		},
		12
	]
}