{"credit": "Made with Blockbench by Mc_Jeronimo", "texture_size": [32, 32], "textures": {"1": "girsignals:blocks/default/shield_black", "particle": "girsignals:blocks/default/shield_black", "rednorth": "girsignals:blocks/lamps/lamp_dark", "greennorth": "girsignals:blocks/lamps/lamp_dark"}, "elements": [{"name": "yellow", "from": [6, 9, 5.9], "to": [10, 13, 5.9], "faces": {"north": {"uv": [1, 1, 3, 3], "texture": "#rednorth"}}}, {"name": "green", "from": [6, 4, 5.9], "to": [10, 8, 5.9], "faces": {"north": {"uv": [1, 1, 3, 3], "texture": "#greennorth"}}}, {"name": "hood1", "from": [5, 7, 5], "to": [6, 8, 6], "faces": {"north": {"uv": [0, 0, 0.5, 0.5], "texture": "#1"}, "east": {"uv": [0, 0, 0.5, 0.5], "texture": "#1"}, "south": {"uv": [0, 0, 0.5, 0.5], "texture": "#1"}, "west": {"uv": [0, 0, 0.5, 0.5], "texture": "#1"}, "up": {"uv": [0, 0, 0.5, 0.5], "texture": "#1"}, "down": {"uv": [0, 0, 0.5, 0.5], "texture": "#1"}}}, {"name": "hood1", "from": [6, 8, 5], "to": [10, 9, 6], "faces": {"north": {"uv": [0, 0, 0.5, 0.5], "texture": "#1"}, "east": {"uv": [0, 0, 0.5, 0.5], "texture": "#1"}, "south": {"uv": [0, 0, 0.5, 0.5], "texture": "#1"}, "west": {"uv": [0, 0, 0.5, 0.5], "texture": "#1"}, "up": {"uv": [0, 0, 0.5, 0.5], "texture": "#1"}, "down": {"uv": [0, 0, 0.5, 0.5], "texture": "#1"}}}, {"name": "hood1", "from": [10, 7, 5], "to": [11, 8, 6], "faces": {"north": {"uv": [0, 0, 0.5, 0.5], "texture": "#1"}, "east": {"uv": [0, 0, 0.5, 0.5], "texture": "#1"}, "south": {"uv": [0, 0, 0.5, 0.5], "texture": "#1"}, "west": {"uv": [0, 0, 0.5, 0.5], "texture": "#1"}, "up": {"uv": [0, 0, 0.5, 0.5], "texture": "#1"}, "down": {"uv": [0, 0, 0.5, 0.5], "texture": "#1"}}}, {"name": "hood2", "from": [5, 12, 5], "to": [6, 13, 6], "faces": {"north": {"uv": [0, 0, 0.5, 0.5], "texture": "#1"}, "east": {"uv": [0, 0, 0.5, 0.5], "texture": "#1"}, "south": {"uv": [0, 0, 0.5, 0.5], "texture": "#1"}, "west": {"uv": [0, 0, 0.5, 0.5], "texture": "#1"}, "up": {"uv": [0, 0, 0.5, 0.5], "texture": "#1"}, "down": {"uv": [0, 0, 0.5, 0.5], "texture": "#1"}}}, {"name": "hood2", "from": [6, 13, 5], "to": [10, 14, 6], "faces": {"north": {"uv": [0, 0, 0.5, 0.5], "texture": "#1"}, "east": {"uv": [0, 0, 0.5, 0.5], "texture": "#1"}, "south": {"uv": [0, 0, 0.5, 0.5], "texture": "#1"}, "west": {"uv": [0, 0, 0.5, 0.5], "texture": "#1"}, "up": {"uv": [0, 0, 0.5, 0.5], "texture": "#1"}, "down": {"uv": [0, 0, 0.5, 0.5], "texture": "#1"}}}, {"name": "hood2", "from": [10, 12, 5], "to": [11, 13, 6], "faces": {"north": {"uv": [0, 0, 0.5, 0.5], "texture": "#1"}, "east": {"uv": [0, 0, 0.5, 0.5], "texture": "#1"}, "south": {"uv": [0, 0, 0.5, 0.5], "texture": "#1"}, "west": {"uv": [0, 0, 0.5, 0.5], "texture": "#1"}, "up": {"uv": [0, 0, 0.5, 0.5], "texture": "#1"}, "down": {"uv": [0, 0, 0.5, 0.5], "texture": "#1"}}}, {"name": "body", "from": [5, 3, 6], "to": [11, 14, 11], "faces": {"north": {"uv": [0, 0, 3, 8], "texture": "#1"}, "east": {"uv": [0, 0, 2.5, 8], "texture": "#1"}, "south": {"uv": [0, 0, 3, 8], "texture": "#1"}, "west": {"uv": [0, 0, 2.5, 8], "texture": "#1"}, "up": {"uv": [0, 0, 3, 2.5], "texture": "#1"}, "down": {"uv": [0, 0, 3, 2.5], "texture": "#1"}}}], "groups": [{"name": "signal", "origin": [-3, 0, -2], "children": [{"name": "lamps", "origin": [0, -48, 0], "children": [0, 1]}, {"name": "hood1", "origin": [0, -48, 0], "children": [2, 3, 4]}, {"name": "hood2", "origin": [0, -43, 0], "children": [5, 6, 7]}, {"name": "hood3", "origin": [0, -38, 0], "children": []}, {"name": "hood4", "origin": [0, -33, 0], "children": []}, {"name": "hood13", "origin": [0, -28, 0], "children": []}, {"name": "hood14", "origin": [0, -23, 0], "children": []}, 8]}]}