{
	"credit": "Made with Blockbench",
	"texture_size": [32, 32],
	"textures": {
		"1": "girsignals:blocks/default/shield_black",
		"particle": "girsignals:blocks/default/shield_black",
		"rednorth": "girsignals:blocks/tram/f_off"
	},
	"elements": [
		{
			"name": "lamp",
			"from": [6, 1, 5.9],
			"to": [10, 5, 5.9],
			"faces": {
				"north": {"uv": [0, 0, 16, 16], "texture": "#rednorth"}
			}
		},
		{
			"name": "hood1",
			"from": [5, 4, 5],
			"to": [6, 5, 6],
			"faces": {
				"north": {"uv": [0, 0, 0.5, 0.5], "texture": "#1"},
				"east": {"uv": [0, 0, 0.5, 0.5], "texture": "#1"},
				"south": {"uv": [0, 0, 0.5, 0.5], "texture": "#1"},
				"west": {"uv": [0, 0, 0.5, 0.5], "texture": "#1"},
				"up": {"uv": [0, 0, 0.5, 0.5], "texture": "#1"},
				"down": {"uv": [0, 0, 0.5, 0.5], "texture": "#1"}
			}
		},
		{
			"name": "hood1",
			"from": [6, 5, 5],
			"to": [10, 6, 6],
			"faces": {
				"north": {"uv": [0, 0, 0.5, 0.5], "texture": "#1"},
				"east": {"uv": [0, 0, 0.5, 0.5], "texture": "#1"},
				"south": {"uv": [0, 0, 0.5, 0.5], "texture": "#1"},
				"west": {"uv": [0, 0, 0.5, 0.5], "texture": "#1"},
				"up": {"uv": [0, 0, 0.5, 0.5], "texture": "#1"},
				"down": {"uv": [0, 0, 0.5, 0.5], "texture": "#1"}
			}
		},
		{
			"name": "hood1",
			"from": [10, 4, 5],
			"to": [11, 5, 6],
			"faces": {
				"north": {"uv": [0, 0, 0.5, 0.5], "texture": "#1"},
				"east": {"uv": [0, 0, 0.5, 0.5], "texture": "#1"},
				"south": {"uv": [0, 0, 0.5, 0.5], "texture": "#1"},
				"west": {"uv": [0, 0, 0.5, 0.5], "texture": "#1"},
				"up": {"uv": [0, 0, 0.5, 0.5], "texture": "#1"},
				"down": {"uv": [0, 0, 0.5, 0.5], "texture": "#1"}
			}
		},
		{
			"name": "body",
			"from": [5, 0, 6],
			"to": [11, 6, 11],
			"faces": {
				"north": {"uv": [0, 0, 3, 8], "texture": "#1"},
				"east": {"uv": [0, 0, 2.5, 8], "texture": "#1"},
				"south": {"uv": [0, 0, 3, 8], "texture": "#1"},
				"west": {"uv": [0, 0, 2.5, 8], "texture": "#1"},
				"up": {"uv": [0, 0, 3, 2.5], "texture": "#1"},
				"down": {"uv": [0, 0, 3, 2.5], "texture": "#1"}
			}
		}
	],
	"groups": [
		{
			"name": "signal",
			"origin": [-3, 0, -2],
			"color": 0,
			"children": [
				{
					"name": "lamps",
					"origin": [0, -48, 0],
					"color": 0,
					"children": [0]
				},
				{
					"name": "hood1",
					"origin": [0, -48, 0],
					"color": 0,
					"children": [1, 2, 3]
				},
				4
			]
		}
	]
}