{"credit": "Made with Blockbench by Mc_Jeronimo", "texture_size": [32, 32], "textures": {"1": "girsignals:blocks/default/shield_black", "rednorth": "girsignals:blocks/tram/f_off", "yellownorth": "girsignals:blocks/tram/f_off", "greennorth": "girsignals:blocks/tram/f_off", "particle": "girsignals:blocks/default/shield_black"}, "elements": [{"name": "red", "from": [6, 11, 5.9], "to": [10, 15, 5.9], "faces": {"north": {"uv": [0, 0, 16, 16], "texture": "#rednorth"}}}, {"name": "yellow", "from": [6, 6, 5.9], "to": [10, 10, 5.9], "faces": {"north": {"uv": [0, 0, 16, 16], "texture": "#yellownorth"}}}, {"name": "green", "from": [6, 1, 5.9], "to": [10, 5, 5.9], "faces": {"north": {"uv": [0, 0, 16, 16], "texture": "#greennorth"}}}, {"name": "hood1", "from": [5, 4, 5], "to": [6, 5, 6], "faces": {"north": {"uv": [0, 0, 0.5, 0.5], "texture": "#1"}, "east": {"uv": [0, 0, 0.5, 0.5], "texture": "#1"}, "south": {"uv": [0, 0, 0.5, 0.5], "texture": "#1"}, "west": {"uv": [0, 0, 0.5, 0.5], "texture": "#1"}, "up": {"uv": [0, 0, 0.5, 0.5], "texture": "#1"}, "down": {"uv": [0, 0, 0.5, 0.5], "texture": "#1"}}}, {"name": "hood1", "from": [6, 5, 5], "to": [10, 6, 6], "faces": {"north": {"uv": [0, 0, 0.5, 0.5], "texture": "#1"}, "east": {"uv": [0, 0, 0.5, 0.5], "texture": "#1"}, "south": {"uv": [0, 0, 0.5, 0.5], "texture": "#1"}, "west": {"uv": [0, 0, 0.5, 0.5], "texture": "#1"}, "up": {"uv": [0, 0, 0.5, 0.5], "texture": "#1"}, "down": {"uv": [0, 0, 0.5, 0.5], "texture": "#1"}}}, {"name": "hood1", "from": [10, 4, 5], "to": [11, 5, 6], "faces": {"north": {"uv": [0, 0, 0.5, 0.5], "texture": "#1"}, "east": {"uv": [0, 0, 0.5, 0.5], "texture": "#1"}, "south": {"uv": [0, 0, 0.5, 0.5], "texture": "#1"}, "west": {"uv": [0, 0, 0.5, 0.5], "texture": "#1"}, "up": {"uv": [0, 0, 0.5, 0.5], "texture": "#1"}, "down": {"uv": [0, 0, 0.5, 0.5], "texture": "#1"}}}, {"name": "hood2", "from": [5, 9, 5], "to": [6, 10, 6], "faces": {"north": {"uv": [0, 0, 0.5, 0.5], "texture": "#1"}, "east": {"uv": [0, 0, 0.5, 0.5], "texture": "#1"}, "south": {"uv": [0, 0, 0.5, 0.5], "texture": "#1"}, "west": {"uv": [0, 0, 0.5, 0.5], "texture": "#1"}, "up": {"uv": [0, 0, 0.5, 0.5], "texture": "#1"}, "down": {"uv": [0, 0, 0.5, 0.5], "texture": "#1"}}}, {"name": "hood2", "from": [6, 10, 5], "to": [10, 11, 6], "faces": {"north": {"uv": [0, 0, 0.5, 0.5], "texture": "#1"}, "east": {"uv": [0, 0, 0.5, 0.5], "texture": "#1"}, "south": {"uv": [0, 0, 0.5, 0.5], "texture": "#1"}, "west": {"uv": [0, 0, 0.5, 0.5], "texture": "#1"}, "up": {"uv": [0, 0, 0.5, 0.5], "texture": "#1"}, "down": {"uv": [0, 0, 0.5, 0.5], "texture": "#1"}}}, {"name": "hood2", "from": [10, 9, 5], "to": [11, 10, 6], "faces": {"north": {"uv": [0, 0, 0.5, 0.5], "texture": "#1"}, "east": {"uv": [0, 0, 0.5, 0.5], "texture": "#1"}, "south": {"uv": [0, 0, 0.5, 0.5], "texture": "#1"}, "west": {"uv": [0, 0, 0.5, 0.5], "texture": "#1"}, "up": {"uv": [0, 0, 0.5, 0.5], "texture": "#1"}, "down": {"uv": [0, 0, 0.5, 0.5], "texture": "#1"}}}, {"name": "hood3", "from": [5, 14, 5], "to": [6, 15, 6], "faces": {"north": {"uv": [0, 0, 0.5, 0.5], "texture": "#1"}, "east": {"uv": [0, 0, 0.5, 0.5], "texture": "#1"}, "south": {"uv": [0, 0, 0.5, 0.5], "texture": "#1"}, "west": {"uv": [0, 0, 0.5, 0.5], "texture": "#1"}, "up": {"uv": [0, 0, 0.5, 0.5], "texture": "#1"}, "down": {"uv": [0, 0, 0.5, 0.5], "texture": "#1"}}}, {"name": "hood3", "from": [6, 15, 5], "to": [10, 16, 6], "faces": {"north": {"uv": [0, 0, 0.5, 0.5], "texture": "#1"}, "east": {"uv": [0, 0, 0.5, 0.5], "texture": "#1"}, "south": {"uv": [0, 0, 0.5, 0.5], "texture": "#1"}, "west": {"uv": [0, 0, 0.5, 0.5], "texture": "#1"}, "up": {"uv": [0, 0, 0.5, 0.5], "texture": "#1"}, "down": {"uv": [0, 0, 0.5, 0.5], "texture": "#1"}}}, {"name": "hood3", "from": [10, 14, 5], "to": [11, 15, 6], "faces": {"north": {"uv": [0, 0, 0.5, 0.5], "texture": "#1"}, "east": {"uv": [0, 0, 0.5, 0.5], "texture": "#1"}, "south": {"uv": [0, 0, 0.5, 0.5], "texture": "#1"}, "west": {"uv": [0, 0, 0.5, 0.5], "texture": "#1"}, "up": {"uv": [0, 0, 0.5, 0.5], "texture": "#1"}, "down": {"uv": [0, 0, 0.5, 0.5], "texture": "#1"}}}, {"name": "body", "from": [5, 0, 6], "to": [11, 16, 11], "faces": {"north": {"uv": [0, 0, 3, 8], "texture": "#1"}, "east": {"uv": [0, 0, 2.5, 8], "texture": "#1"}, "south": {"uv": [0, 0, 3, 8], "texture": "#1"}, "west": {"uv": [0, 0, 2.5, 8], "texture": "#1"}, "up": {"uv": [0, 0, 3, 2.5], "texture": "#1"}, "down": {"uv": [0, 0, 3, 2.5], "texture": "#1"}}}], "groups": [{"name": "signal", "origin": [-3, 0, -2], "children": [{"name": "lamps", "origin": [0, -48, 0], "children": [0, 1, 2]}, {"name": "hood1", "origin": [0, -48, 0], "children": [3, 4, 5]}, {"name": "hood2", "origin": [0, -43, 0], "children": [6, 7, 8]}, {"name": "hood3", "origin": [0, -38, 0], "children": [9, 10, 11]}, {"name": "hood4", "origin": [0, -33, 0], "children": []}, {"name": "hood13", "origin": [0, -28, 0], "children": []}, {"name": "hood14", "origin": [0, -23, 0], "children": []}, 12]}]}