{"credit": "Made with Blockbench by Mc_Jeronimo", "texture_size": [32, 32], "textures": {"0": "girsignals:blocks/default/mast", "2": "girsignals:blocks/default/shield_gray", "8": "girsignals:blocks/default/controlbox", "particle": "girsignals:blocks/default/mast"}, "elements": [{"name": "mast3", "from": [7, 2, 10], "to": [9, 16, 13], "faces": {"north": {"uv": [0, 0, 1, 8], "texture": "#0"}, "east": {"uv": [0, 0, 0.5, 8], "texture": "#0"}, "south": {"uv": [0, 0, 1, 8], "texture": "#0"}, "west": {"uv": [0, 0, 0.5, 8], "texture": "#0"}, "down": {"uv": [0, 0, 1, 0.5], "texture": "#0"}}}, {"name": "base", "from": [5, 0, 8], "to": [11, 2, 15], "faces": {"north": {"uv": [0, 0, 3, 1], "texture": "#2"}, "east": {"uv": [0, 0, 3, 1], "texture": "#2"}, "south": {"uv": [0, 0, 3, 1], "texture": "#2"}, "west": {"uv": [0, 0, 3, 1], "texture": "#2"}, "up": {"uv": [0, 0, 3, 1], "texture": "#2"}, "down": {"uv": [0, 0, 3, 1], "texture": "#2"}}}, {"name": "controlbox", "from": [4, 5, 13], "to": [12, 15, 17], "faces": {"north": {"uv": [0, 0, 3, 1], "texture": "#8"}, "east": {"uv": [0, 0, 3, 1], "texture": "#8"}, "south": {"uv": [0, 0, 3, 1], "texture": "#8"}, "west": {"uv": [0, 0, 3, 1], "texture": "#8"}, "up": {"uv": [0, 0, 3, 1], "texture": "#8"}, "down": {"uv": [0, 0, 3, 1], "texture": "#8"}}}], "groups": [{"name": "base", "origin": [-8, 16, -27], "children": [0, 1, 2]}]}