{"credit": "Made with Blockbench by Mc_Jeronimo", "texture_size": [32, 32], "textures": {"14": "girsignals:blocks/default/white", "particle": "girsignals:blocks/default/mast"}, "elements": [{"name": "number", "from": [5, 11, 7], "to": [11, 16, 8], "faces": {"north": {"uv": [0, 0, 3, 2.5], "texture": "#14"}, "east": {"uv": [0, 0, 0.5, 2.5], "texture": "#14"}, "south": {"uv": [0, 0, 3, 2.5], "texture": "#14"}, "west": {"uv": [0, 0, 0.5, 2.5], "texture": "#14"}, "down": {"uv": [0, 0, 3, 0.5], "texture": "#14"}}}], "groups": [{"name": "number", "origin": [-2, 11, -1], "children": [0]}]}