{"credit": "Made with Blockbench by Mc_Jeronimo", "texture_size": [32, 32], "textures": {"13": "girsignals:blocks/mast_sign/wrw", "14": "girsignals:blocks/default/white", "particle": "girsignals:blocks/default/mast"}, "elements": [{"name": "sign_main", "from": [7, 3, 9], "to": [9, 19, 10], "faces": {"north": {"uv": [0, 0, 2, 16], "texture": "#13"}, "east": {"uv": [0, 0, 0.5, 8], "texture": "#14"}, "west": {"uv": [0, 0, 0.5, 8], "texture": "#14"}, "up": {"uv": [0, 0, 1, 0.5], "texture": "#14"}, "down": {"uv": [0, 0, 1, 0.5], "texture": "#14"}}}], "groups": [{"name": "sign_main", "origin": [0, 0, 0], "children": [0]}]}