{"credit": "Made with Blockbench by Mc_Jeronimo", "texture_size": [32, 32], "textures": {"12": "girsignals:blocks/mast_sign/mast_pfeil_gelb", "14": "girsignals:blocks/default/white", "particle": "girsignals:blocks/default/mast"}, "elements": [{"name": "sign_main_distant", "from": [7, 2, 9], "to": [9, 18, 10], "faces": {"north": {"uv": [0, 0, 16, 16], "texture": "#12"}, "east": {"uv": [0, 0, 0.5, 8], "texture": "#14"}, "west": {"uv": [0, 0, 0.5, 8], "texture": "#14"}, "up": {"uv": [0, 0, 1, 0.5], "texture": "#14"}, "down": {"uv": [0, 0, 1, 0.5], "texture": "#14"}}}], "groups": [{"name": "sign_main_distant", "origin": [-1, 2, 1], "children": [0]}]}