{
	"credit": "Made with Blockbench",
	"texture_size": [32, 32],
	"textures": {
		"1": "girsignals:blocks/default/shield_black",
		"2": "girsignals:blocks/default/shield_gray",
		"lamp_rednorth": "girsignals:blocks/lamps/lamp_dark",
		"lamp_greennorth": "girsignals:blocks/lamps/lamp_dark",
		"lamp_white_identifiernorth": "girsignals:blocks/lamps/lamp_dark",
		"lamp_white_sh_zsnorth": "girsignals:blocks/lamps/lamp_dark",
		"lamp_white_shnorth": "girsignals:blocks/lamps/lamp_dark",
		"lamp_white_zs7north": "girsignals:blocks/lamps/lamp_dark"
	},
	"elements": [
		{
			"name": "lamp_red",
			"from": [6, 14, 5.9],
			"to": [10, 18, 5.9],
			"faces": {
				"north": {"uv": [0, 0, 4, 4], "texture": "#lamp_rednorth"}
			}
		},
		{
			"name": "lamp_green",
			"from": [6, 9, 5.9],
			"to": [10, 13, 5.9],
			"faces": {
				"north": {"uv": [0, 0, 4, 4], "texture": "#lamp_greennorth"}
			}
		},
		{
			"name": "lamp_white_identifier",
			"from": [10, 18, 5.9],
			"to": [12, 20, 5.9],
			"faces": {
				"north": {"uv": [1, 1, 3, 3], "texture": "#lamp_white_identifiernorth"}
			}
		},
		{
			"name": "lamp_white_sh_zs",
			"from": [10, 1, 5.9],
			"to": [12, 3, 5.9],
			"faces": {
				"north": {"uv": [1, 1, 3, 3], "texture": "#lamp_white_sh_zsnorth"}
			}
		},
		{
			"name": "lamp_white_sh",
			"from": [7, 5, 5.9],
			"to": [9, 7, 5.9],
			"faces": {
				"north": {"uv": [1, 1, 3, 3], "texture": "#lamp_white_shnorth"}
			}
		},
		{
			"name": "lamp_white_zs7",
			"from": [10, 5, 5.9],
			"to": [12, 7, 5.9],
			"faces": {
				"north": {"uv": [1, 1, 3, 3], "texture": "#lamp_white_zs7north"}
			}
		},
		{
			"name": "lamp_white_zs7",
			"from": [7, 1, 5.9],
			"to": [9, 3, 5.9],
			"faces": {
				"north": {"uv": [1, 1, 3, 3], "texture": "#lamp_white_zs7north"}
			}
		},
		{
			"name": "lamp_white_zs7",
			"from": [4, 5, 5.9],
			"to": [6, 7, 5.9],
			"faces": {
				"north": {"uv": [1, 1, 3, 3], "texture": "#lamp_white_zs7north"}
			}
		},
		{
			"name": "hoods1_1",
			"from": [10, 15, 5],
			"to": [11, 17, 6],
			"faces": {
				"north": {"uv": [0, 0, 0.5, 1], "texture": "#1"},
				"east": {"uv": [0, 0, 0.5, 1], "texture": "#1"},
				"west": {"uv": [0, 0, 0.5, 1], "texture": "#1"},
				"up": {"uv": [0, 0, 0.5, 0.5], "texture": "#1"},
				"down": {"uv": [0, 0, 0.5, 0.5], "texture": "#1"}
			}
		},
		{
			"name": "hoods1_2",
			"from": [9, 17, 4],
			"to": [10, 18, 6],
			"faces": {
				"north": {"uv": [0, 0, 0.5, 0.5], "texture": "#1"},
				"east": {"uv": [0, 0, 1, 0.5], "texture": "#1"},
				"west": {"uv": [0, 0, 1, 0.5], "texture": "#1"},
				"up": {"uv": [0, 0, 0.5, 1], "texture": "#1"},
				"down": {"uv": [0, 0, 0.5, 1], "texture": "#1"}
			}
		},
		{
			"name": "hoods1_2",
			"from": [7, 18, 2],
			"to": [9, 19, 6],
			"faces": {
				"north": {"uv": [0, 0, 0.5, 0.5], "texture": "#1"},
				"east": {"uv": [0, 0, 1, 0.5], "texture": "#1"},
				"west": {"uv": [0, 0, 1, 0.5], "texture": "#1"},
				"up": {"uv": [0, 0, 1, 0.5], "texture": "#1"},
				"down": {"uv": [0, 0, 1, 0.5], "texture": "#1"}
			}
		},
		{
			"name": "hoods1_3",
			"from": [6, 17, 4],
			"to": [7, 18, 6],
			"faces": {
				"north": {"uv": [0, 0, 0.5, 0.5], "texture": "#1"},
				"east": {"uv": [0, 0, 1, 0.5], "texture": "#1"},
				"west": {"uv": [0, 0, 1, 0.5], "texture": "#1"},
				"up": {"uv": [0, 0, 0.5, 1], "texture": "#1"},
				"down": {"uv": [0, 0, 0.5, 1], "texture": "#1"}
			}
		},
		{
			"name": "hoods1_4",
			"from": [5, 15, 5],
			"to": [6, 17, 6],
			"faces": {
				"north": {"uv": [0, 0, 0.5, 1], "texture": "#1"},
				"east": {"uv": [0, 0, 0.5, 1], "texture": "#1"},
				"west": {"uv": [0, 0, 0.5, 1], "texture": "#1"},
				"up": {"uv": [0, 0, 0.5, 0.5], "texture": "#1"},
				"down": {"uv": [0, 0, 0.5, 0.5], "texture": "#1"}
			}
		},
		{
			"name": "hoods2_1",
			"from": [5, 10, 5],
			"to": [6, 12, 6],
			"faces": {
				"north": {"uv": [0, 0, 0.5, 1], "texture": "#1"},
				"east": {"uv": [0, 0, 0.5, 1], "texture": "#1"},
				"west": {"uv": [0, 0, 0.5, 1], "texture": "#1"},
				"up": {"uv": [0, 0, 0.5, 0.5], "texture": "#1"},
				"down": {"uv": [0, 0, 0.5, 0.5], "texture": "#1"}
			}
		},
		{
			"name": "hoods2_2",
			"from": [9, 12, 4],
			"to": [10, 13, 6],
			"faces": {
				"north": {"uv": [0, 0, 0.5, 0.5], "texture": "#1"},
				"east": {"uv": [0, 0, 1, 0.5], "texture": "#1"},
				"west": {"uv": [0, 0, 1, 0.5], "texture": "#1"},
				"up": {"uv": [0, 0, 0.5, 1], "texture": "#1"},
				"down": {"uv": [0, 0, 0.5, 1], "texture": "#1"}
			}
		},
		{
			"name": "hoods2_3",
			"from": [7, 13, 2],
			"to": [9, 14, 6],
			"faces": {
				"north": {"uv": [0, 0, 1, 0.5], "texture": "#1"},
				"east": {"uv": [0, 0, 2, 0.5], "texture": "#1"},
				"west": {"uv": [0, 0, 2, 0.5], "texture": "#1"},
				"up": {"uv": [0, 0, 1, 2], "texture": "#1"},
				"down": {"uv": [0, 0, 1, 2], "texture": "#1"}
			}
		},
		{
			"name": "hoods2_4",
			"from": [6, 12, 4],
			"to": [7, 13, 6],
			"faces": {
				"north": {"uv": [0, 0, 0.5, 0.5], "texture": "#1"},
				"east": {"uv": [0, 0, 1, 0.5], "texture": "#1"},
				"west": {"uv": [0, 0, 1, 0.5], "texture": "#1"},
				"up": {"uv": [0, 0, 0.5, 1], "texture": "#1"},
				"down": {"uv": [0, 0, 0.5, 1], "texture": "#1"}
			}
		},
		{
			"name": "hoods2_5",
			"from": [10, 10, 5],
			"to": [11, 12, 6],
			"faces": {
				"north": {"uv": [0, 0, 0.5, 1], "texture": "#1"},
				"east": {"uv": [0, 0, 0.5, 1], "texture": "#1"},
				"west": {"uv": [0, 0, 0.5, 1], "texture": "#1"},
				"up": {"uv": [0, 0, 0.5, 0.5], "texture": "#1"},
				"down": {"uv": [0, 0, 0.5, 0.5], "texture": "#1"}
			}
		},
		{
			"name": "hoods4_1",
			"from": [12, 19, 4],
			"to": [13, 20, 6],
			"faces": {
				"north": {"uv": [0, 0, 0.5, 0.5], "texture": "#1"},
				"east": {"uv": [0, 0, 1, 0.5], "texture": "#1"},
				"west": {"uv": [0, 0, 1, 0.5], "texture": "#1"},
				"up": {"uv": [0, 0, 0.5, 1], "texture": "#1"},
				"down": {"uv": [0, 0, 0.5, 1], "texture": "#1"}
			}
		},
		{
			"name": "hoods4_2",
			"from": [10, 20, 3],
			"to": [12, 21, 6],
			"faces": {
				"north": {"uv": [0, 0, 1, 0.5], "texture": "#1"},
				"east": {"uv": [0, 0, 1.5, 0.5], "texture": "#1"},
				"west": {"uv": [0, 0, 1.5, 0.5], "texture": "#1"},
				"up": {"uv": [0, 0, 1, 1.5], "texture": "#1"},
				"down": {"uv": [0, 0, 1, 1.5], "texture": "#1"}
			}
		},
		{
			"name": "hoods4_3",
			"from": [9, 19, 4],
			"to": [10, 20, 6],
			"faces": {
				"north": {"uv": [0, 0, 0.5, 0.5], "texture": "#1"},
				"east": {"uv": [0, 0, 1, 0.5], "texture": "#1"},
				"west": {"uv": [0, 0, 1, 0.5], "texture": "#1"},
				"up": {"uv": [0, 0, 0.5, 1], "texture": "#1"},
				"down": {"uv": [0, 0, 0.5, 1], "texture": "#1"}
			}
		},
		{
			"name": "hoods6_1",
			"from": [12, 6, 4],
			"to": [13, 7, 6],
			"faces": {
				"north": {"uv": [0, 0, 0.5, 0.5], "texture": "#1"},
				"east": {"uv": [0, 0, 1, 0.5], "texture": "#1"},
				"west": {"uv": [0, 0, 1, 0.5], "texture": "#1"},
				"up": {"uv": [0, 0, 0.5, 1], "texture": "#1"},
				"down": {"uv": [0, 0, 0.5, 1], "texture": "#1"}
			}
		},
		{
			"name": "hoods6_2",
			"from": [10, 7, 3],
			"to": [12, 8, 6],
			"faces": {
				"north": {"uv": [0, 0, 1, 0.5], "texture": "#1"},
				"east": {"uv": [0, 0, 1.5, 0.5], "texture": "#1"},
				"west": {"uv": [0, 0, 1.5, 0.5], "texture": "#1"},
				"up": {"uv": [0, 0, 1, 1.5], "texture": "#1"},
				"down": {"uv": [0, 0, 1, 1.5], "texture": "#1"}
			}
		},
		{
			"name": "hoods6_3",
			"from": [9, 6, 4],
			"to": [10, 7, 6],
			"faces": {
				"north": {"uv": [0, 0, 0.5, 0.5], "texture": "#1"},
				"east": {"uv": [0, 0, 1, 0.5], "texture": "#1"},
				"west": {"uv": [0, 0, 1, 0.5], "texture": "#1"},
				"up": {"uv": [0, 0, 0.5, 1], "texture": "#1"},
				"down": {"uv": [0, 0, 0.5, 1], "texture": "#1"}
			}
		},
		{
			"name": "hoods6_2",
			"from": [12, 2, 4],
			"to": [13, 3, 6],
			"faces": {
				"north": {"uv": [0, 0, 0.5, 0.5], "texture": "#1"},
				"east": {"uv": [0, 0, 1, 0.5], "texture": "#1"},
				"west": {"uv": [0, 0, 1, 0.5], "texture": "#1"},
				"up": {"uv": [0, 0, 0.5, 1], "texture": "#1"},
				"down": {"uv": [0, 0, 0.5, 1], "texture": "#1"}
			}
		},
		{
			"name": "hoods6_3",
			"from": [10, 3, 3],
			"to": [12, 4, 6],
			"faces": {
				"north": {"uv": [0, 0, 1, 0.5], "texture": "#1"},
				"east": {"uv": [0, 0, 1.5, 0.5], "texture": "#1"},
				"west": {"uv": [0, 0, 1.5, 0.5], "texture": "#1"},
				"up": {"uv": [0, 0, 1, 1.5], "texture": "#1"},
				"down": {"uv": [0, 0, 1, 1.5], "texture": "#1"}
			}
		},
		{
			"name": "hoods6_4",
			"from": [9, 2, 4],
			"to": [10, 3, 6],
			"faces": {
				"north": {"uv": [0, 0, 0.5, 0.5], "texture": "#1"},
				"east": {"uv": [0, 0, 1, 0.5], "texture": "#1"},
				"west": {"uv": [0, 0, 1, 0.5], "texture": "#1"},
				"up": {"uv": [0, 0, 0.5, 1], "texture": "#1"},
				"down": {"uv": [0, 0, 0.5, 1], "texture": "#1"}
			}
		},
		{
			"name": "hoods6_2",
			"from": [6, 6, 4],
			"to": [7, 7, 6],
			"faces": {
				"north": {"uv": [0, 0, 0.5, 0.5], "texture": "#1"},
				"east": {"uv": [0, 0, 1, 0.5], "texture": "#1"},
				"west": {"uv": [0, 0, 1, 0.5], "texture": "#1"},
				"up": {"uv": [0, 0, 0.5, 1], "texture": "#1"},
				"down": {"uv": [0, 0, 0.5, 1], "texture": "#1"}
			}
		},
		{
			"name": "hoods6_3",
			"from": [7, 7, 3],
			"to": [9, 8, 6],
			"faces": {
				"north": {"uv": [0, 0, 1, 0.5], "texture": "#1"},
				"east": {"uv": [0, 0, 1.5, 0.5], "texture": "#1"},
				"west": {"uv": [0, 0, 1.5, 0.5], "texture": "#1"},
				"up": {"uv": [0, 0, 1, 1.5], "texture": "#1"},
				"down": {"uv": [0, 0, 1, 1.5], "texture": "#1"}
			}
		},
		{
			"name": "hoods6_3",
			"from": [6, 2, 4],
			"to": [7, 3, 6],
			"faces": {
				"north": {"uv": [0, 0, 0.5, 0.5], "texture": "#1"},
				"east": {"uv": [0, 0, 1, 0.5], "texture": "#1"},
				"west": {"uv": [0, 0, 1, 0.5], "texture": "#1"},
				"up": {"uv": [0, 0, 0.5, 1], "texture": "#1"},
				"down": {"uv": [0, 0, 0.5, 1], "texture": "#1"}
			}
		},
		{
			"name": "hoods6_4",
			"from": [7, 3, 3],
			"to": [9, 4, 6],
			"faces": {
				"north": {"uv": [0, 0, 1, 0.5], "texture": "#1"},
				"east": {"uv": [0, 0, 1.5, 0.5], "texture": "#1"},
				"west": {"uv": [0, 0, 1.5, 0.5], "texture": "#1"},
				"up": {"uv": [0, 0, 1, 1.5], "texture": "#1"},
				"down": {"uv": [0, 0, 1, 1.5], "texture": "#1"}
			}
		},
		{
			"name": "hoods6_3",
			"from": [3, 6, 4],
			"to": [4, 7, 6],
			"faces": {
				"north": {"uv": [0, 0, 0.5, 0.5], "texture": "#1"},
				"east": {"uv": [0, 0, 1, 0.5], "texture": "#1"},
				"west": {"uv": [0, 0, 1, 0.5], "texture": "#1"},
				"up": {"uv": [0, 0, 0.5, 1], "texture": "#1"},
				"down": {"uv": [0, 0, 0.5, 1], "texture": "#1"}
			}
		},
		{
			"name": "hoods6_4",
			"from": [4, 7, 3],
			"to": [6, 8, 6],
			"faces": {
				"north": {"uv": [0, 0, 1, 0.5], "texture": "#1"},
				"east": {"uv": [0, 0, 1.5, 0.5], "texture": "#1"},
				"west": {"uv": [0, 0, 1.5, 0.5], "texture": "#1"},
				"up": {"uv": [0, 0, 1, 1.5], "texture": "#1"},
				"down": {"uv": [0, 0, 1, 1.5], "texture": "#1"}
			}
		},
		{
			"name": "shield3",
			"from": [10, 1, 8],
			"to": [12, 3, 9],
			"faces": {
				"east": {"uv": [0, 0, 1, 1], "texture": "#2"},
				"south": {"uv": [0, 0, 1, 1], "texture": "#2"},
				"west": {"uv": [0, 0, 1, 1], "texture": "#2"},
				"up": {"uv": [0, 0, 1, 1], "texture": "#2"},
				"down": {"uv": [0, 0, 1, 1], "texture": "#2"}
			}
		},
		{
			"name": "shield4",
			"from": [10, 18, 8],
			"to": [12, 20, 9],
			"faces": {
				"east": {"uv": [0, 0, 0.5, 1], "texture": "#2"},
				"south": {"uv": [0, 0, 1, 1], "texture": "#2"},
				"west": {"uv": [0, 0, 0.5, 1], "texture": "#2"},
				"up": {"uv": [0, 0, 1, 0.5], "texture": "#2"},
				"down": {"uv": [0, 0, 1, 0.5], "texture": "#2"}
			}
		},
		{
			"name": "shield4",
			"from": [10, 5, 8],
			"to": [12, 7, 9],
			"faces": {
				"east": {"uv": [0, 0, 1, 1], "texture": "#2"},
				"south": {"uv": [0, 0, 1, 1], "texture": "#2"},
				"west": {"uv": [0, 0, 1, 1], "texture": "#2"},
				"up": {"uv": [0, 0, 1, 1], "texture": "#2"},
				"down": {"uv": [0, 0, 1, 1], "texture": "#2"}
			}
		},
		{
			"name": "shield5",
			"from": [7, 5, 8],
			"to": [9, 7, 9],
			"faces": {
				"east": {"uv": [0, 0, 1, 1], "texture": "#2"},
				"south": {"uv": [0, 0, 1, 1], "texture": "#2"},
				"west": {"uv": [0, 0, 1, 1], "texture": "#2"},
				"up": {"uv": [0, 0, 1, 1], "texture": "#2"},
				"down": {"uv": [0, 0, 1, 1], "texture": "#2"}
			}
		},
		{
			"name": "shield6",
			"from": [7, 1, 8],
			"to": [9, 3, 9],
			"faces": {
				"east": {"uv": [0, 0, 1, 1], "texture": "#2"},
				"south": {"uv": [0, 0, 1, 1], "texture": "#2"},
				"west": {"uv": [0, 0, 1, 1], "texture": "#2"},
				"up": {"uv": [0, 0, 1, 1], "texture": "#2"},
				"down": {"uv": [0, 0, 1, 1], "texture": "#2"}
			}
		},
		{
			"name": "shield6",
			"from": [4, 5, 8],
			"to": [6, 7, 9],
			"faces": {
				"east": {"uv": [0, 0, 1, 1], "texture": "#2"},
				"south": {"uv": [0, 0, 1, 1], "texture": "#2"},
				"west": {"uv": [0, 0, 1, 1], "texture": "#2"},
				"up": {"uv": [0, 0, 1, 1], "texture": "#2"},
				"down": {"uv": [0, 0, 1, 1], "texture": "#2"}
			}
		},
		{
			"name": "shield6",
			"from": [6, 9, 8],
			"to": [10, 13, 10],
			"faces": {
				"east": {"uv": [0, 0, 2, 2], "texture": "#2"},
				"south": {"uv": [0, 0, 2, 2], "texture": "#2"},
				"west": {"uv": [0, 0, 2, 2], "texture": "#2"},
				"up": {"uv": [0, 0, 2, 2], "texture": "#2"},
				"down": {"uv": [0, 0, 2, 2], "texture": "#2"}
			}
		},
		{
			"name": "shield7",
			"from": [6, 14, 8],
			"to": [10, 18, 10],
			"faces": {
				"east": {"uv": [0, 0, 2, 2], "texture": "#2"},
				"south": {"uv": [0, 0, 2, 2], "texture": "#2"},
				"west": {"uv": [0, 0, 2, 2], "texture": "#2"},
				"up": {"uv": [0, 0, 2, 2], "texture": "#2"},
				"down": {"uv": [0, 0, 2, 2], "texture": "#2"}
			}
		},
		{
			"name": "shield8",
			"from": [12.5, 13, 9],
			"to": [13.5, 14, 19],
			"faces": {
				"east": {"uv": [0, 0, 5, 0.5], "texture": "#2"},
				"west": {"uv": [0, 0, 5, 0.5], "texture": "#2"},
				"up": {"uv": [0, 0, 0.5, 5], "texture": "#2"},
				"down": {"uv": [0, 0, 0.5, 5], "texture": "#2"}
			}
		},
		{
			"name": "shield9",
			"from": [2.5, 13, 9],
			"to": [3.5, 14, 19],
			"faces": {
				"east": {"uv": [0, 0, 5, 0.5], "texture": "#2"},
				"west": {"uv": [0, 0, 5, 0.5], "texture": "#2"},
				"up": {"uv": [0, 0, 0.5, 5], "texture": "#2"},
				"down": {"uv": [0, 0, 0.5, 5], "texture": "#2"}
			}
		},
		{
			"name": "shield10",
			"from": [3.5, 21, 8],
			"to": [12.5, 22, 9],
			"faces": {
				"east": {"uv": [0, 0, 0.5, 0.5], "texture": "#2"},
				"south": {"uv": [0, 0, 4.5, 0.5], "texture": "#2"},
				"west": {"uv": [0, 0, 0.5, 0.5], "texture": "#2"},
				"up": {"uv": [0, 0, 4.5, 0.5], "texture": "#2"},
				"down": {"uv": [0, 0, 4.5, 0.5], "texture": "#2"}
			}
		},
		{
			"name": "shield11",
			"from": [2.5, 13, 19],
			"to": [13.5, 14, 20],
			"faces": {
				"north": {"uv": [9.25, 9, 14.75, 9.5], "texture": "#2"},
				"east": {"uv": [6.5, 9, 7, 9.5], "texture": "#2"},
				"south": {"uv": [1.25, 9, 6.75, 9.5], "texture": "#2"},
				"west": {"uv": [9, 9, 9.5, 9.5], "texture": "#2"},
				"up": {"uv": [1.25, 9, 6.75, 9.5], "texture": "#2"},
				"down": {"uv": [1.25, 6.5, 6.75, 7], "texture": "#2"}
			}
		},
		{
			"name": "shield12",
			"from": [4, 1, 19],
			"to": [5, 13, 20],
			"faces": {
				"north": {"uv": [0, 0, 0.5, 5.5], "texture": "#2"},
				"east": {"uv": [0, 0, 0.5, 5.5], "texture": "#2"},
				"south": {"uv": [0, 0, 0.5, 5.5], "texture": "#2"},
				"west": {"uv": [0, 0, 0.5, 5.5], "texture": "#2"}
			}
		},
		{
			"name": "shield13",
			"from": [11, 1, 19],
			"to": [12, 13, 20],
			"faces": {
				"north": {"uv": [0, 0, 0.5, 5.5], "texture": "#2"},
				"east": {"uv": [0, 0, 0.5, 5.5], "texture": "#2"},
				"south": {"uv": [0, 0, 0.5, 5.5], "texture": "#2"},
				"west": {"uv": [0, 0, 0.5, 5.5], "texture": "#2"}
			}
		},
		{
			"name": "shield14",
			"from": [3.5, 0, 8],
			"to": [12.5, 1, 9],
			"faces": {
				"south": {"uv": [0, 0, 4.5, 0.5], "texture": "#2"},
				"up": {"uv": [0, 0, 4.5, 0.5], "texture": "#2"},
				"down": {"uv": [0, 0, 4.5, 0.5], "texture": "#2"}
			}
		},
		{
			"name": "shield15",
			"from": [4, 0, 9],
			"to": [12, 1, 20],
			"faces": {
				"north": {"uv": [0, 0, 4, 0.5], "texture": "#2"},
				"east": {"uv": [0, 0, 3.5, 0.5], "texture": "#2"},
				"south": {"uv": [0, 0, 4, 0.5], "texture": "#2"},
				"west": {"uv": [0, 0, 3.5, 0.5], "texture": "#2"},
				"up": {"uv": [0, 0, 4, 3.5], "texture": "#2"},
				"down": {"uv": [0, 0, 4, 3.5], "texture": "#2"}
			}
		},
		{
			"name": "shield17",
			"from": [2.5, 0, 6],
			"to": [13.5, 22, 8],
			"faces": {
				"north": {"uv": [0, 0, 5.5, 11.5], "texture": "#1"},
				"east": {"uv": [0, 0, 1, 11.5], "texture": "#1"},
				"south": {"uv": [0, 0, 5.5, 11.5], "texture": "#2"},
				"west": {"uv": [0, 0, 1, 11.5], "texture": "#1"},
				"up": {"uv": [0, 0, 5.5, 1], "texture": "#1"},
				"down": {"uv": [0, 0, 5.5, 1], "texture": "#1"}
			}
		},
		{
			"name": "shield19",
			"from": [12.5, 0, 8],
			"to": [13.5, 22, 9],
			"faces": {
				"north": {"uv": [0, 0, 0.5, 11.5], "texture": "#2"},
				"east": {"uv": [0, 0, 0.5, 11.5], "texture": "#2"},
				"south": {"uv": [0, 0, 0.5, 11.5], "texture": "#2"},
				"west": {"uv": [0, 0, 0.5, 11.5], "texture": "#2"},
				"up": {"uv": [0, 0, 0.5, 0.5], "texture": "#2"},
				"down": {"uv": [0, 0, 0.5, 0.5], "texture": "#2"}
			}
		},
		{
			"name": "shield20",
			"from": [2.5, 0, 8],
			"to": [3.5, 22, 9],
			"faces": {
				"north": {"uv": [0, 0, 0.5, 11.5], "texture": "#2"},
				"east": {"uv": [0, 0, 0.5, 11.5], "texture": "#2"},
				"south": {"uv": [0, 0, 0.5, 11.5], "texture": "#2"},
				"west": {"uv": [0, 0, 0.5, 11.5], "texture": "#2"},
				"up": {"uv": [0, 0, 0.5, 0.5], "texture": "#2"},
				"down": {"uv": [0, 0, 0.5, 0.5], "texture": "#2"}
			}
		}
	],
	"groups": [
		{
			"name": "ks",
			"origin": [-16, 6, -34],
			"color": 0,
			"children": [
				{
					"name": "lamps",
					"origin": [-4, 19, -30],
					"color": 0,
					"children": [0, 1, 2, 3, 4, 5, 6, 7]
				},
				{
					"name": "hoods1",
					"origin": [-9, 20, -30],
					"color": 0,
					"children": [8, 9, 10, 11, 12]
				},
				{
					"name": "hoods2",
					"origin": [-9, 20, -30],
					"color": 0,
					"children": [13, 14, 15, 16, 17]
				},
				{
					"name": "hoods3",
					"origin": [-9, 20, -30],
					"color": 0,
					"children": []
				},
				{
					"name": "hoods4",
					"origin": [-9, 20, -30],
					"color": 0,
					"children": [18, 19, 20]
				},
				{
					"name": "hoods6",
					"origin": [-9, 20, -30],
					"color": 0,
					"children": [21, 22, 23]
				},
				{
					"name": "hoods6",
					"origin": [-9, 20, -30],
					"color": 0,
					"children": [24, 25, 26]
				},
				{
					"name": "hoods6",
					"origin": [-9, 20, -30],
					"color": 0,
					"children": [27, 28]
				},
				{
					"name": "hoods6",
					"origin": [-9, 20, -30],
					"color": 0,
					"children": [29, 30]
				},
				{
					"name": "hoods6",
					"origin": [-9, 20, -30],
					"color": 0,
					"children": [31, 32]
				},
				{
					"name": "shield",
					"origin": [-22, 6, -35],
					"color": 0,
					"children": [33, 34, 35, 36, 37, 38, 39, 40, 41, 42, 43, 44, 45, 46, 47, 48, 49, 50, 51]
				}
			]
		}
	]
}