{"credit": "Made with Blockbench by Mc_Jeronimo", "texture_size": [32, 32], "textures": {"1": "girsignals:blocks/default/shield_black", "2": "girsignals:blocks/default/shield_gray", "lamp_greennorth": "girsignals:blocks/lamps/lamp_dark", "lamp_yellownorth": "girsignals:blocks/lamps/lamp_dark", "lamp_white_identifiernorth": "girsignals:blocks/lamps/lamp_dark", "lamp_white_sh_zsnorth": "girsignals:blocks/lamps/lamp_dark"}, "elements": [{"name": "lamp_green", "from": [8.5, 9, 5.9], "to": [12.5, 13, 5.9], "faces": {"north": {"uv": [0, 0, 4, 4], "texture": "#lamp_greennorth"}}}, {"name": "lamp_yellow", "from": [3.5, 9, 5.9], "to": [7.5, 13, 5.9], "faces": {"north": {"uv": [0, 0, 4, 4], "texture": "#lamp_yellownorth"}}}, {"name": "lamp_white_identifier", "from": [10, 18, 5.9], "to": [12, 20, 5.9], "faces": {"north": {"uv": [1, 1, 3, 3], "texture": "#lamp_white_identifiernorth"}}}, {"name": "lamp_white_sh_zs", "from": [10, 1, 5.9], "to": [12, 3, 5.9], "faces": {"north": {"uv": [1, 1, 3, 3], "texture": "#lamp_white_sh_zsnorth"}}}, {"name": "hoods2_1", "from": [12.5, 10, 5], "to": [13.5, 12, 6], "faces": {"north": {"uv": [0, 0, 0.5, 1], "texture": "#1"}, "east": {"uv": [0, 0, 0.5, 1], "texture": "#1"}, "west": {"uv": [0, 0, 0.5, 1], "texture": "#1"}, "up": {"uv": [0, 0, 0.5, 0.5], "texture": "#1"}, "down": {"uv": [0, 0, 0.5, 0.5], "texture": "#1"}}}, {"name": "hoods2_2", "from": [11.5, 12, 4], "to": [12.5, 13, 6], "faces": {"north": {"uv": [0, 0, 0.5, 0.5], "texture": "#1"}, "east": {"uv": [0, 0, 1, 0.5], "texture": "#1"}, "west": {"uv": [0, 0, 1, 0.5], "texture": "#1"}, "up": {"uv": [0, 0, 0.5, 1], "texture": "#1"}, "down": {"uv": [0, 0, 0.5, 1], "texture": "#1"}}}, {"name": "hoods2_3", "from": [9.5, 13, 2], "to": [11.5, 14, 6], "faces": {"north": {"uv": [0, 0, 1, 0.5], "texture": "#1"}, "east": {"uv": [0, 0, 2, 0.5], "texture": "#1"}, "west": {"uv": [0, 0, 2, 0.5], "texture": "#1"}, "up": {"uv": [0, 0, 1, 2], "texture": "#1"}, "down": {"uv": [0, 0, 1, 2], "texture": "#1"}}}, {"name": "hoods2_4", "from": [8.5, 12, 4], "to": [9.5, 13, 6], "faces": {"north": {"uv": [0, 0, 0.5, 0.5], "texture": "#1"}, "east": {"uv": [0, 0, 1, 0.5], "texture": "#1"}, "west": {"uv": [0, 0, 1, 0.5], "texture": "#1"}, "up": {"uv": [0, 0, 0.5, 1], "texture": "#1"}, "down": {"uv": [0, 0, 0.5, 1], "texture": "#1"}}}, {"name": "hoods2_5", "from": [7.5, 10, 5], "to": [8.5, 12, 6], "faces": {"north": {"uv": [0, 0, 0.5, 1], "texture": "#1"}, "east": {"uv": [0, 0, 0.5, 1], "texture": "#1"}, "west": {"uv": [0, 0, 0.5, 1], "texture": "#1"}, "up": {"uv": [0, 0, 0.5, 0.5], "texture": "#1"}, "down": {"uv": [0, 0, 0.5, 0.5], "texture": "#1"}}}, {"name": "hoods3_1", "from": [6.5, 12, 4], "to": [7.5, 13, 6], "faces": {"north": {"uv": [0, 0, 0.5, 0.5], "texture": "#1"}, "east": {"uv": [0, 0, 1, 0.5], "texture": "#1"}, "west": {"uv": [0, 0, 1, 0.5], "texture": "#1"}, "up": {"uv": [0, 0, 0.5, 1], "texture": "#1"}, "down": {"uv": [0, 0, 0.5, 1], "texture": "#1"}}}, {"name": "hoods3_2", "from": [4.5, 13, 2], "to": [6.5, 14, 6], "faces": {"north": {"uv": [0, 0, 1, 0.5], "texture": "#1"}, "east": {"uv": [0, 0, 2, 0.5], "texture": "#1"}, "west": {"uv": [0, 0, 2, 0.5], "texture": "#1"}, "up": {"uv": [0, 0, 1, 2], "texture": "#1"}, "down": {"uv": [0, 0, 1, 2], "texture": "#1"}}}, {"name": "hoods3_3", "from": [2.5, 10, 5], "to": [3.5, 12, 6], "faces": {"north": {"uv": [0, 0, 0.5, 1], "texture": "#1"}, "east": {"uv": [0, 0, 0.5, 1], "texture": "#1"}, "west": {"uv": [0, 0, 0.5, 1], "texture": "#1"}, "up": {"uv": [0, 0, 0.5, 0.5], "texture": "#1"}, "down": {"uv": [0, 0, 0.5, 0.5], "texture": "#1"}}}, {"name": "hoods3_4", "from": [3.5, 12, 4], "to": [4.5, 13, 6], "faces": {"north": {"uv": [0, 0, 0.5, 0.5], "texture": "#1"}, "east": {"uv": [0, 0, 1, 0.5], "texture": "#1"}, "west": {"uv": [0, 0, 1, 0.5], "texture": "#1"}, "up": {"uv": [0, 0, 0.5, 1], "texture": "#1"}, "down": {"uv": [0, 0, 0.5, 1], "texture": "#1"}}}, {"name": "hoods4_1", "from": [12, 19, 4], "to": [13, 20, 6], "faces": {"north": {"uv": [0, 0, 0.5, 0.5], "texture": "#1"}, "east": {"uv": [0, 0, 1, 0.5], "texture": "#1"}, "west": {"uv": [0, 0, 1, 0.5], "texture": "#1"}, "up": {"uv": [0, 0, 0.5, 1], "texture": "#1"}, "down": {"uv": [0, 0, 0.5, 1], "texture": "#1"}}}, {"name": "hoods4_2", "from": [10, 20, 3], "to": [12, 21, 6], "faces": {"north": {"uv": [0, 0, 1, 0.5], "texture": "#1"}, "east": {"uv": [0, 0, 1.5, 0.5], "texture": "#1"}, "west": {"uv": [0, 0, 1.5, 0.5], "texture": "#1"}, "up": {"uv": [0, 0, 1, 1.5], "texture": "#1"}, "down": {"uv": [0, 0, 1, 1.5], "texture": "#1"}}}, {"name": "hoods4_3", "from": [9, 19, 4], "to": [10, 20, 6], "faces": {"north": {"uv": [0, 0, 0.5, 0.5], "texture": "#1"}, "east": {"uv": [0, 0, 1, 0.5], "texture": "#1"}, "west": {"uv": [0, 0, 1, 0.5], "texture": "#1"}, "up": {"uv": [0, 0, 0.5, 1], "texture": "#1"}, "down": {"uv": [0, 0, 0.5, 1], "texture": "#1"}}}, {"name": "hoods6_2", "from": [12, 2, 4], "to": [13, 3, 6], "faces": {"north": {"uv": [0, 0, 0.5, 0.5], "texture": "#1"}, "east": {"uv": [0, 0, 1, 0.5], "texture": "#1"}, "west": {"uv": [0, 0, 1, 0.5], "texture": "#1"}, "up": {"uv": [0, 0, 0.5, 1], "texture": "#1"}, "down": {"uv": [0, 0, 0.5, 1], "texture": "#1"}}}, {"name": "hoods6_3", "from": [10, 3, 3], "to": [12, 4, 6], "faces": {"north": {"uv": [0, 0, 1, 0.5], "texture": "#1"}, "east": {"uv": [0, 0, 1.5, 0.5], "texture": "#1"}, "west": {"uv": [0, 0, 1.5, 0.5], "texture": "#1"}, "up": {"uv": [0, 0, 1, 1.5], "texture": "#1"}, "down": {"uv": [0, 0, 1, 1.5], "texture": "#1"}}}, {"name": "hoods6_4", "from": [9, 2, 4], "to": [10, 3, 6], "faces": {"north": {"uv": [0, 0, 0.5, 0.5], "texture": "#1"}, "east": {"uv": [0, 0, 1, 0.5], "texture": "#1"}, "west": {"uv": [0, 0, 1, 0.5], "texture": "#1"}, "up": {"uv": [0, 0, 0.5, 1], "texture": "#1"}, "down": {"uv": [0, 0, 0.5, 1], "texture": "#1"}}}, {"name": "shield1", "from": [8.5, 9, 8], "to": [12.5, 13, 10], "faces": {"east": {"uv": [0, 0, 2.5, 2.5], "texture": "#2"}, "south": {"uv": [0, 0, 2.5, 2.5], "texture": "#2"}, "west": {"uv": [0, 0, 2.5, 2.5], "texture": "#2"}, "up": {"uv": [0, 0, 2.5, 2.5], "texture": "#2"}, "down": {"uv": [0, 0, 2.5, 2.5], "texture": "#2"}}}, {"name": "shield3", "from": [10, 1, 8], "to": [12, 3, 9], "faces": {"east": {"uv": [0, 0, 1, 1], "texture": "#2"}, "south": {"uv": [0, 0, 1, 1], "texture": "#2"}, "west": {"uv": [0, 0, 1, 1], "texture": "#2"}, "up": {"uv": [0, 0, 1, 1], "texture": "#2"}, "down": {"uv": [0, 0, 1, 1], "texture": "#2"}}}, {"name": "shield4", "from": [10, 18, 8], "to": [12, 20, 9], "faces": {"east": {"uv": [0, 0, 0.5, 1], "texture": "#2"}, "south": {"uv": [0, 0, 1, 1], "texture": "#2"}, "west": {"uv": [0, 0, 0.5, 1], "texture": "#2"}, "up": {"uv": [0, 0, 1, 0.5], "texture": "#2"}, "down": {"uv": [0, 0, 1, 0.5], "texture": "#2"}}}, {"name": "shield6", "from": [3.5, 9, 8], "to": [7.5, 13, 10], "faces": {"east": {"uv": [0, 0, 2, 2], "texture": "#2"}, "south": {"uv": [0, 0, 2, 2], "texture": "#2"}, "west": {"uv": [0, 0, 2, 2], "texture": "#2"}, "up": {"uv": [0, 0, 2, 2], "texture": "#2"}, "down": {"uv": [0, 0, 2, 2], "texture": "#2"}}}, {"name": "shield8", "from": [12.5, 13, 9], "to": [13.5, 14, 19], "faces": {"east": {"uv": [0, 0, 5, 0.5], "texture": "#2"}, "west": {"uv": [0, 0, 5, 0.5], "texture": "#2"}, "up": {"uv": [0, 0, 0.5, 5], "texture": "#2"}, "down": {"uv": [0, 0, 0.5, 5], "texture": "#2"}}}, {"name": "shield9", "from": [2.5, 13, 9], "to": [3.5, 14, 19], "faces": {"east": {"uv": [0, 0, 5, 0.5], "texture": "#2"}, "west": {"uv": [0, 0, 5, 0.5], "texture": "#2"}, "up": {"uv": [0, 0, 0.5, 5], "texture": "#2"}, "down": {"uv": [0, 0, 0.5, 5], "texture": "#2"}}}, {"name": "shield10", "from": [3.5, 21, 8], "to": [12.5, 22, 9], "faces": {"east": {"uv": [0, 0, 0.5, 0.5], "texture": "#2"}, "south": {"uv": [0, 0, 4.5, 0.5], "texture": "#2"}, "west": {"uv": [0, 0, 0.5, 0.5], "texture": "#2"}, "up": {"uv": [0, 0, 4.5, 0.5], "texture": "#2"}, "down": {"uv": [0, 0, 4.5, 0.5], "texture": "#2"}}}, {"name": "shield11", "from": [2.5, 13, 19], "to": [13.5, 14, 20], "faces": {"north": {"uv": [9.25, 9, 14.75, 9.5], "texture": "#2"}, "east": {"uv": [6.5, 9, 7, 9.5], "texture": "#2"}, "south": {"uv": [1.25, 9, 6.75, 9.5], "texture": "#2"}, "west": {"uv": [9, 9, 9.5, 9.5], "texture": "#2"}, "up": {"uv": [1.25, 9, 6.75, 9.5], "texture": "#2"}, "down": {"uv": [1.25, 6.5, 6.75, 7], "texture": "#2"}}}, {"name": "shield12", "from": [4, 1, 19], "to": [5, 13, 20], "faces": {"north": {"uv": [0, 0, 0.5, 5.5], "texture": "#2"}, "east": {"uv": [0, 0, 0.5, 5.5], "texture": "#2"}, "south": {"uv": [0, 0, 0.5, 5.5], "texture": "#2"}, "west": {"uv": [0, 0, 0.5, 5.5], "texture": "#2"}}}, {"name": "shield13", "from": [11, 1, 19], "to": [12, 13, 20], "faces": {"north": {"uv": [0, 0, 0.5, 5.5], "texture": "#2"}, "east": {"uv": [0, 0, 0.5, 5.5], "texture": "#2"}, "south": {"uv": [0, 0, 0.5, 5.5], "texture": "#2"}, "west": {"uv": [0, 0, 0.5, 5.5], "texture": "#2"}}}, {"name": "shield14", "from": [3.5, 0, 8], "to": [12.5, 1, 9], "faces": {"south": {"uv": [0, 0, 4.5, 0.5], "texture": "#2"}, "up": {"uv": [0, 0, 4.5, 0.5], "texture": "#2"}, "down": {"uv": [0, 0, 4.5, 0.5], "texture": "#2"}}}, {"name": "shield15", "from": [4, 0, 9], "to": [12, 1, 20], "faces": {"north": {"uv": [0, 0, 4, 0.5], "texture": "#2"}, "east": {"uv": [0, 0, 3.5, 0.5], "texture": "#2"}, "south": {"uv": [0, 0, 4, 0.5], "texture": "#2"}, "west": {"uv": [0, 0, 3.5, 0.5], "texture": "#2"}, "up": {"uv": [0, 0, 4, 3.5], "texture": "#2"}, "down": {"uv": [0, 0, 4, 3.5], "texture": "#2"}}}, {"name": "shield17", "from": [2.5, 0, 6], "to": [13.5, 22, 8], "faces": {"north": {"uv": [0, 0, 5.5, 11.5], "texture": "#1"}, "east": {"uv": [0, 0, 1, 11.5], "texture": "#1"}, "south": {"uv": [0, 0, 5.5, 11.5], "texture": "#2"}, "west": {"uv": [0, 0, 1, 11.5], "texture": "#1"}, "up": {"uv": [0, 0, 5.5, 1], "texture": "#1"}, "down": {"uv": [0, 0, 5.5, 1], "texture": "#1"}}}, {"name": "shield19", "from": [12.5, 0, 8], "to": [13.5, 22, 9], "faces": {"north": {"uv": [0, 0, 0.5, 11.5], "texture": "#2"}, "east": {"uv": [0, 0, 0.5, 11.5], "texture": "#2"}, "south": {"uv": [0, 0, 0.5, 11.5], "texture": "#2"}, "west": {"uv": [0, 0, 0.5, 11.5], "texture": "#2"}, "up": {"uv": [0, 0, 0.5, 0.5], "texture": "#2"}, "down": {"uv": [0, 0, 0.5, 0.5], "texture": "#2"}}}, {"name": "shield20", "from": [2.5, 0, 8], "to": [3.5, 22, 9], "faces": {"north": {"uv": [0, 0, 0.5, 11.5], "texture": "#2"}, "east": {"uv": [0, 0, 0.5, 11.5], "texture": "#2"}, "south": {"uv": [0, 0, 0.5, 11.5], "texture": "#2"}, "west": {"uv": [0, 0, 0.5, 11.5], "texture": "#2"}, "up": {"uv": [0, 0, 0.5, 0.5], "texture": "#2"}, "down": {"uv": [0, 0, 0.5, 0.5], "texture": "#2"}}}], "groups": [{"name": "ks", "origin": [-16, 6, -34], "color": 0, "children": [{"name": "lamps", "origin": [-4, 19, -30], "color": 0, "children": [0, 1, 2, 3]}, {"name": "hoods1", "origin": [-9, 20, -30], "color": 0, "children": []}, {"name": "hoods2", "origin": [-9, 20, -30], "color": 0, "children": [4, 5, 6, 7, 8]}, {"name": "hoods3", "origin": [-9, 20, -30], "color": 0, "children": [9, 10, 11, 12]}, {"name": "hoods4", "origin": [-9, 20, -30], "color": 0, "children": [13, 14, 15]}, {"name": "hoods6", "origin": [-9, 20, -30], "color": 0, "children": []}, {"name": "hoods6", "origin": [-9, 20, -30], "color": 0, "children": [16, 17, 18]}, {"name": "hoods6", "origin": [-9, 20, -30], "color": 0, "children": []}, {"name": "hoods6", "origin": [-9, 20, -30], "color": 0, "children": []}, {"name": "hoods6", "origin": [-9, 20, -30], "color": 0, "children": []}, {"name": "shield", "origin": [-22, 6, -35], "color": 0, "children": [19, 20, 21, 22, 23, 24, 25, 26, 27, 28, 29, 30, 31, 32, 33]}]}]}