{"credit": "Made with Blockbench by Mc_Jeronimo", "texture_size": [32, 32], "textures": {"1": "girsignals:blocks/default/shield_black", "15": "girsignals:blocks/zs3/off", "particle": "girsignals:blocks/default/mast", "overlay": "girsignals:blocks/zs3/z10"}, "elements": [{"name": "hood4", "from": [4, 6, 6], "to": [12, 14, 9], "faces": {"north": {"uv": [0, 0, 1.5, 4], "texture": "#1"}, "east": {"uv": [0, 0, 1.5, 4], "texture": "#1"}, "south": {"uv": [0, 0, 1.5, 4], "texture": "#1"}, "west": {"uv": [0, 0, 1.5, 4], "texture": "#1"}, "up": {"uv": [0, 0, 1.5, 4], "texture": "#1"}, "down": {"uv": [0, 0, 1.5, 4], "texture": "#1"}}}, {"name": "hood5", "from": [4.5, 6, 4], "to": [5.5, 13, 6], "faces": {"north": {"uv": [0, 0, 0.5, 3.5], "texture": "#1"}, "east": {"uv": [0, 0, 0.5, 3.5], "texture": "#1"}, "south": {"uv": [0, 0, 0.5, 3.5], "texture": "#1"}, "west": {"uv": [0, 0, 0.5, 3.5], "texture": "#1"}, "up": {"uv": [0, 0, 0.5, 3.5], "texture": "#1"}, "down": {"uv": [0, 0, 0.5, 3.5], "texture": "#1"}}}, {"name": "hood6", "from": [10.5, 6, 4], "to": [11.5, 13, 6], "faces": {"north": {"uv": [0, 0, 0.5, 3.5], "texture": "#1"}, "east": {"uv": [0, 0, 0.5, 3.5], "texture": "#1"}, "south": {"uv": [0, 0, 0.5, 3.5], "texture": "#1"}, "west": {"uv": [0, 0, 0.5, 3.5], "texture": "#1"}, "up": {"uv": [0, 0, 0.5, 3.5], "texture": "#1"}, "down": {"uv": [0, 0, 0.5, 3.5], "texture": "#1"}}}, {"name": "hood7", "from": [4.5, 13, 4], "to": [11.5, 14, 6], "faces": {"north": {"uv": [0, 0, 1, 0.5], "texture": "#1"}, "east": {"uv": [0, 0, 1, 0.5], "texture": "#1"}, "south": {"uv": [0, 0, 1, 0.5], "texture": "#1"}, "west": {"uv": [0, 0, 1, 0.5], "texture": "#1"}, "up": {"uv": [0, 0, 1, 0.5], "texture": "#1"}, "down": {"uv": [0, 0, 1, 0.5], "texture": "#1"}}}, {"name": "signal", "from": [5.5, 6, 5.9], "to": [10.5, 13, 5.9], "faces": {"north": {"uv": [0, 0, 5, 7], "texture": "#15"}}}, {"from": [5.5, 6, 5.9], "to": [10.5, 13, 5.9], "faces": {"north": {"uv": [0, 0, 5, 7], "texture": "#overlay", "tintindex": 0}}}], "groups": [{"name": "zs3", "origin": [-8, -10, -12], "children": [{"name": "hood4", "origin": [-25, -18, 8], "children": [0, 1, 2, 3]}, {"name": "signal4", "origin": [-25, -18, 8], "children": [4]}]}]}