{"credit": "Made with Blockbench by Mc_Jeronimo", "texture_size": [32, 32], "textures": {"1": "girsignals:blocks/default/shield_black", "15": "girsignals:blocks/zs3/off", "particle": "girsignals:blocks/default/mast", "overlay": "girsignals:blocks/zs3/z10"}, "elements": [{"name": "hood2", "from": [4, 6, 4], "to": [12, 14, 7], "faces": {"north": {"uv": [0, 0, 1.5, 4], "texture": "#1"}, "east": {"uv": [0, 0, 1.5, 4], "texture": "#1"}, "south": {"uv": [0, 0, 1.5, 4], "texture": "#1"}, "west": {"uv": [0, 0, 1.5, 4], "texture": "#1"}, "up": {"uv": [0, 0, 1.5, 4], "texture": "#1"}, "down": {"uv": [0, 0, 1.5, 4], "texture": "#1"}}}, {"name": "hood3", "from": [4.5, 6, 2], "to": [5.5, 13, 4], "faces": {"north": {"uv": [0, 0, 0.5, 3.5], "texture": "#1"}, "east": {"uv": [0, 0, 0.5, 3.5], "texture": "#1"}, "south": {"uv": [0, 0, 0.5, 3.5], "texture": "#1"}, "west": {"uv": [0, 0, 0.5, 3.5], "texture": "#1"}, "up": {"uv": [0, 0, 0.5, 3.5], "texture": "#1"}, "down": {"uv": [0, 0, 0.5, 3.5], "texture": "#1"}}}, {"name": "hood4", "from": [10.5, 6, 2], "to": [11.5, 13, 4], "faces": {"north": {"uv": [0, 0, 0.5, 3.5], "texture": "#1"}, "east": {"uv": [0, 0, 0.5, 3.5], "texture": "#1"}, "south": {"uv": [0, 0, 0.5, 3.5], "texture": "#1"}, "west": {"uv": [0, 0, 0.5, 3.5], "texture": "#1"}, "up": {"uv": [0, 0, 0.5, 3.5], "texture": "#1"}, "down": {"uv": [0, 0, 0.5, 3.5], "texture": "#1"}}}, {"name": "hood5", "from": [4.5, 13, 2], "to": [11.5, 14, 4], "faces": {"north": {"uv": [0, 0, 1, 0.5], "texture": "#1"}, "east": {"uv": [0, 0, 1, 0.5], "texture": "#1"}, "south": {"uv": [0, 0, 1, 0.5], "texture": "#1"}, "west": {"uv": [0, 0, 1, 0.5], "texture": "#1"}, "up": {"uv": [0, 0, 1, 0.5], "texture": "#1"}, "down": {"uv": [0, 0, 1, 0.5], "texture": "#1"}}}, {"name": "hood6", "from": [7, 5, 5], "to": [9, 6, 10], "faces": {"north": {"uv": [0, 0, 1.5, 4], "texture": "#1"}, "east": {"uv": [0, 0, 1.5, 4], "texture": "#1"}, "south": {"uv": [0, 0, 1.5, 4], "texture": "#1"}, "west": {"uv": [0, 0, 1.5, 4], "texture": "#1"}, "up": {"uv": [0, 0, 1.5, 4], "texture": "#1"}, "down": {"uv": [0, 0, 1.5, 4], "texture": "#1"}}}, {"name": "signal", "from": [5.5, 6, 3.9], "to": [10.5, 13, 3.9], "faces": {"north": {"uv": [0, 0, 5, 7], "texture": "#15"}}}, {"from": [5.5, 6, 3.9], "to": [10.5, 13, 3.9], "faces": {"north": {"uv": [0, 0, 5, 7], "texture": "#overlay", "tintindex": 1}}}], "groups": [{"name": "zs2", "origin": [-8, -10, -14], "children": [{"name": "hood2", "origin": [-25, -18, 6], "children": [0, 1, 2, 3, 4]}, {"name": "signal2", "origin": [-25, -18, 6], "children": [5]}]}]}