{"credit": "Made with Blockbench by Mc_Jeronimo", "texture_size": [32, 32], "textures": {"1": "girsignals:blocks/default/shield_black", "15": "girsignals:blocks/zs3/off", "particle": "girsignals:blocks/default/mast", "overlay": "girsignals:blocks/zs3/z10"}, "elements": [{"name": "hood3", "from": [4, 1, 4], "to": [12, 9, 7], "faces": {"north": {"uv": [0, 0, 1.5, 4], "texture": "#1"}, "east": {"uv": [0, 0, 1.5, 4], "texture": "#1"}, "south": {"uv": [0, 0, 1.5, 4], "texture": "#1"}, "west": {"uv": [0, 0, 1.5, 4], "texture": "#1"}, "up": {"uv": [0, 0, 1.5, 4], "texture": "#1"}, "down": {"uv": [0, 0, 1.5, 4], "texture": "#1"}}}, {"name": "hood4", "from": [4.5, 1, 2], "to": [5.5, 8, 4], "faces": {"north": {"uv": [0, 0, 0.5, 3.5], "texture": "#1"}, "east": {"uv": [0, 0, 0.5, 3.5], "texture": "#1"}, "south": {"uv": [0, 0, 0.5, 3.5], "texture": "#1"}, "west": {"uv": [0, 0, 0.5, 3.5], "texture": "#1"}, "up": {"uv": [0, 0, 0.5, 3.5], "texture": "#1"}, "down": {"uv": [0, 0, 0.5, 3.5], "texture": "#1"}}}, {"name": "hood5", "from": [10.5, 1, 2], "to": [11.5, 8, 4], "faces": {"north": {"uv": [0, 0, 0.5, 3.5], "texture": "#1"}, "east": {"uv": [0, 0, 0.5, 3.5], "texture": "#1"}, "south": {"uv": [0, 0, 0.5, 3.5], "texture": "#1"}, "west": {"uv": [0, 0, 0.5, 3.5], "texture": "#1"}, "up": {"uv": [0, 0, 0.5, 3.5], "texture": "#1"}, "down": {"uv": [0, 0, 0.5, 3.5], "texture": "#1"}}}, {"name": "hood6", "from": [4.5, 8, 2], "to": [11.5, 9, 4], "faces": {"north": {"uv": [0, 0, 1, 0.5], "texture": "#1"}, "east": {"uv": [0, 0, 1, 0.5], "texture": "#1"}, "south": {"uv": [0, 0, 1, 0.5], "texture": "#1"}, "west": {"uv": [0, 0, 1, 0.5], "texture": "#1"}, "up": {"uv": [0, 0, 1, 0.5], "texture": "#1"}, "down": {"uv": [0, 0, 1, 0.5], "texture": "#1"}}}, {"name": "hood7", "from": [7, 0, 5], "to": [9, 1, 10], "faces": {"north": {"uv": [0, 0, 1.5, 4], "texture": "#1"}, "east": {"uv": [0, 0, 1.5, 4], "texture": "#1"}, "south": {"uv": [0, 0, 1.5, 4], "texture": "#1"}, "west": {"uv": [0, 0, 1.5, 4], "texture": "#1"}, "up": {"uv": [0, 0, 1.5, 4], "texture": "#1"}, "down": {"uv": [0, 0, 1.5, 4], "texture": "#1"}}}, {"name": "signal", "from": [5.5, 1, 3.9], "to": [10.5, 8, 3.9], "faces": {"north": {"uv": [0, 0, 5, 7], "texture": "#15"}}}, {"from": [5.5, 1, 3.9], "to": [10.5, 8, 3.9], "faces": {"north": {"uv": [0, 0, 5, 7], "texture": "#overlay", "tintindex": 1}}}], "groups": [{"name": "zs3v", "origin": [-8, -15, -14], "children": [{"name": "hood3", "origin": [-25, -23, 6], "children": [0, 1, 2, 3, 4]}, {"name": "signal3", "origin": [-25, -23, 6], "children": [5]}]}]}