{"credit": "Made with Blockbench by Mc_Jeronimo", "textures": {"2": "girsignals:blocks/default/white", "particle": "girsignals:blocks/default/white"}, "elements": [{"from": [0, 0, 15], "to": [2, 1, 16], "rotation": {"angle": 0, "axis": "y", "origin": [8, 8, 8]}, "faces": {"north": {"uv": [0, 0, 2, 1], "texture": "#2"}, "east": {"uv": [0, 0, 1, 1], "texture": "#2"}, "south": {"uv": [0, 0, 2, 1], "texture": "#2"}, "west": {"uv": [0, 0, 1, 1], "texture": "#2"}, "up": {"uv": [0, 0, 2, 1], "texture": "#2"}, "down": {"uv": [0, 0, 2, 1], "texture": "#2"}}}, {"from": [14, 0, 15], "to": [16, 1, 16], "rotation": {"angle": 0, "axis": "y", "origin": [8, 8, 8]}, "faces": {"north": {"uv": [0, 0, 2, 1], "texture": "#2"}, "east": {"uv": [0, 0, 1, 1], "texture": "#2"}, "south": {"uv": [0, 0, 2, 1], "texture": "#2"}, "west": {"uv": [0, 0, 1, 1], "texture": "#2"}, "up": {"uv": [0, 0, 2, 1], "texture": "#2"}, "down": {"uv": [0, 0, 2, 1], "texture": "#2"}}}, {"from": [13, 1, 15], "to": [15, 2, 16], "rotation": {"angle": 0, "axis": "y", "origin": [8, 8, 8]}, "faces": {"north": {"uv": [0, 0, 2, 1], "texture": "#2"}, "east": {"uv": [0, 0, 1, 1], "texture": "#2"}, "south": {"uv": [0, 0, 2, 1], "texture": "#2"}, "west": {"uv": [0, 0, 1, 1], "texture": "#2"}, "up": {"uv": [0, 0, 2, 1], "texture": "#2"}, "down": {"uv": [0, 0, 2, 1], "texture": "#2"}}}, {"from": [12, 2, 15], "to": [14, 3, 16], "rotation": {"angle": 0, "axis": "y", "origin": [8, 8, 8]}, "faces": {"north": {"uv": [0, 0, 2, 1], "texture": "#2"}, "east": {"uv": [0, 0, 1, 1], "texture": "#2"}, "south": {"uv": [0, 0, 2, 1], "texture": "#2"}, "west": {"uv": [0, 0, 1, 1], "texture": "#2"}, "up": {"uv": [0, 0, 2, 1], "texture": "#2"}, "down": {"uv": [0, 0, 2, 1], "texture": "#2"}}}, {"from": [11, 3, 15], "to": [13, 4, 16], "rotation": {"angle": 0, "axis": "y", "origin": [8, 8, 8]}, "faces": {"north": {"uv": [0, 0, 2, 1], "texture": "#2"}, "east": {"uv": [0, 0, 1, 1], "texture": "#2"}, "south": {"uv": [0, 0, 2, 1], "texture": "#2"}, "west": {"uv": [0, 0, 1, 1], "texture": "#2"}, "up": {"uv": [0, 0, 2, 1], "texture": "#2"}, "down": {"uv": [0, 0, 2, 1], "texture": "#2"}}}, {"from": [9, 5, 15], "to": [11, 6, 16], "rotation": {"angle": 0, "axis": "y", "origin": [8, 8, 8]}, "faces": {"north": {"uv": [0, 0, 2, 1], "texture": "#2"}, "east": {"uv": [0, 0, 1, 1], "texture": "#2"}, "south": {"uv": [0, 0, 2, 1], "texture": "#2"}, "west": {"uv": [0, 0, 1, 1], "texture": "#2"}, "up": {"uv": [0, 0, 2, 1], "texture": "#2"}, "down": {"uv": [0, 0, 2, 1], "texture": "#2"}}}, {"from": [7, 7, 15], "to": [9, 8, 16], "rotation": {"angle": 0, "axis": "y", "origin": [8, 8, 8]}, "faces": {"north": {"uv": [0, 0, 2, 1], "texture": "#2"}, "east": {"uv": [0, 0, 1, 1], "texture": "#2"}, "south": {"uv": [0, 0, 2, 1], "texture": "#2"}, "west": {"uv": [0, 0, 1, 1], "texture": "#2"}}}, {"from": [9, 9, 15], "to": [11, 10, 16], "rotation": {"angle": 0, "axis": "y", "origin": [8, 8, 8]}, "faces": {"north": {"uv": [0, 0, 2, 1], "texture": "#2"}, "east": {"uv": [0, 0, 1, 1], "texture": "#2"}, "south": {"uv": [0, 0, 2, 1], "texture": "#2"}, "west": {"uv": [0, 0, 1, 1], "texture": "#2"}, "up": {"uv": [0, 0, 2, 1], "texture": "#2"}, "down": {"uv": [0, 0, 2, 1], "texture": "#2"}}}, {"from": [10, 10, 15], "to": [12, 11, 16], "rotation": {"angle": 0, "axis": "y", "origin": [8, 8, 8]}, "faces": {"north": {"uv": [0, 0, 2, 1], "texture": "#2"}, "east": {"uv": [0, 0, 1, 1], "texture": "#2"}, "south": {"uv": [0, 0, 2, 1], "texture": "#2"}, "west": {"uv": [0, 0, 1, 1], "texture": "#2"}, "up": {"uv": [0, 0, 2, 1], "texture": "#2"}, "down": {"uv": [0, 0, 2, 1], "texture": "#2"}}}, {"from": [11, 11, 15], "to": [13, 12, 16], "rotation": {"angle": 0, "axis": "y", "origin": [8, 8, 8]}, "faces": {"north": {"uv": [0, 0, 2, 1], "texture": "#2"}, "east": {"uv": [0, 0, 1, 1], "texture": "#2"}, "south": {"uv": [0, 0, 2, 1], "texture": "#2"}, "west": {"uv": [0, 0, 1, 1], "texture": "#2"}, "up": {"uv": [0, 0, 2, 1], "texture": "#2"}, "down": {"uv": [0, 0, 2, 1], "texture": "#2"}}}, {"from": [12, 12, 15], "to": [14, 13, 16], "rotation": {"angle": 0, "axis": "y", "origin": [8, 8, 8]}, "faces": {"north": {"uv": [0, 0, 2, 1], "texture": "#2"}, "east": {"uv": [0, 0, 1, 1], "texture": "#2"}, "south": {"uv": [0, 0, 2, 1], "texture": "#2"}, "west": {"uv": [0, 0, 1, 1], "texture": "#2"}, "up": {"uv": [0, 0, 2, 1], "texture": "#2"}, "down": {"uv": [0, 0, 2, 1], "texture": "#2"}}}, {"from": [13, 13, 15], "to": [15, 14, 16], "rotation": {"angle": 0, "axis": "y", "origin": [8, 8, 8]}, "faces": {"north": {"uv": [0, 0, 2, 1], "texture": "#2"}, "east": {"uv": [0, 0, 1, 1], "texture": "#2"}, "south": {"uv": [0, 0, 2, 1], "texture": "#2"}, "west": {"uv": [0, 0, 1, 1], "texture": "#2"}, "up": {"uv": [0, 0, 2, 1], "texture": "#2"}, "down": {"uv": [0, 0, 2, 1], "texture": "#2"}}}, {"from": [14, 14, 15], "to": [16, 15, 16], "rotation": {"angle": 0, "axis": "y", "origin": [8, 8, 8]}, "faces": {"north": {"uv": [0, 0, 2, 1], "texture": "#2"}, "east": {"uv": [0, 0, 1, 1], "texture": "#2"}, "south": {"uv": [0, 0, 2, 1], "texture": "#2"}, "west": {"uv": [0, 0, 1, 1], "texture": "#2"}, "up": {"uv": [0, 0, 2, 1], "texture": "#2"}, "down": {"uv": [0, 0, 2, 1], "texture": "#2"}}}, {"from": [6, 8, 15], "to": [10, 9, 16], "rotation": {"angle": 0, "axis": "y", "origin": [8, 8, 8]}, "faces": {"north": {"uv": [0, 0, 4, 1], "texture": "#2"}, "east": {"uv": [0, 0, 1, 1], "texture": "#2"}, "south": {"uv": [0, 0, 4, 1], "texture": "#2"}, "west": {"uv": [0, 0, 1, 1], "texture": "#2"}, "up": {"uv": [0, 0, 4, 1], "texture": "#2"}, "down": {"uv": [0, 0, 4, 1], "texture": "#2"}}}, {"from": [5, 9, 15], "to": [7, 10, 16], "rotation": {"angle": 0, "axis": "y", "origin": [8, 8, 8]}, "faces": {"north": {"uv": [0, 0, 2, 1], "texture": "#2"}, "east": {"uv": [0, 0, 1, 1], "texture": "#2"}, "south": {"uv": [0, 0, 2, 1], "texture": "#2"}, "west": {"uv": [0, 0, 1, 1], "texture": "#2"}, "up": {"uv": [0, 0, 2, 1], "texture": "#2"}, "down": {"uv": [0, 0, 2, 1], "texture": "#2"}}}, {"from": [4, 10, 15], "to": [6, 11, 16], "rotation": {"angle": 0, "axis": "y", "origin": [8, 8, 8]}, "faces": {"north": {"uv": [0, 0, 2, 1], "texture": "#2"}, "east": {"uv": [0, 0, 1, 1], "texture": "#2"}, "south": {"uv": [0, 0, 2, 1], "texture": "#2"}, "west": {"uv": [0, 0, 1, 1], "texture": "#2"}, "up": {"uv": [0, 0, 2, 1], "texture": "#2"}, "down": {"uv": [0, 0, 2, 1], "texture": "#2"}}}, {"from": [3, 11, 15], "to": [5, 12, 16], "rotation": {"angle": 0, "axis": "y", "origin": [8, 8, 8]}, "faces": {"north": {"uv": [0, 0, 2, 1], "texture": "#2"}, "east": {"uv": [0, 0, 1, 1], "texture": "#2"}, "south": {"uv": [0, 0, 2, 1], "texture": "#2"}, "west": {"uv": [0, 0, 1, 1], "texture": "#2"}, "up": {"uv": [0, 0, 2, 1], "texture": "#2"}, "down": {"uv": [0, 0, 2, 1], "texture": "#2"}}}, {"from": [2, 12, 15], "to": [4, 13, 16], "rotation": {"angle": 0, "axis": "y", "origin": [8, 8, 8]}, "faces": {"north": {"uv": [0, 0, 2, 1], "texture": "#2"}, "east": {"uv": [0, 0, 1, 1], "texture": "#2"}, "south": {"uv": [0, 0, 2, 1], "texture": "#2"}, "west": {"uv": [0, 0, 1, 1], "texture": "#2"}, "up": {"uv": [0, 0, 2, 1], "texture": "#2"}, "down": {"uv": [0, 0, 2, 1], "texture": "#2"}}}, {"from": [1, 13, 15], "to": [3, 14, 16], "rotation": {"angle": 0, "axis": "y", "origin": [8, 8, 8]}, "faces": {"north": {"uv": [0, 0, 2, 1], "texture": "#2"}, "east": {"uv": [0, 0, 1, 1], "texture": "#2"}, "south": {"uv": [0, 0, 2, 1], "texture": "#2"}, "west": {"uv": [0, 0, 1, 1], "texture": "#2"}, "up": {"uv": [0, 0, 2, 1], "texture": "#2"}, "down": {"uv": [0, 0, 2, 1], "texture": "#2"}}}, {"from": [0, 14, 15], "to": [2, 15, 16], "rotation": {"angle": 0, "axis": "y", "origin": [8, 8, 8]}, "faces": {"north": {"uv": [0, 0, 2, 1], "texture": "#2"}, "east": {"uv": [0, 0, 1, 1], "texture": "#2"}, "south": {"uv": [0, 0, 2, 1], "texture": "#2"}, "west": {"uv": [0, 0, 1, 1], "texture": "#2"}, "up": {"uv": [0, 0, 2, 1], "texture": "#2"}, "down": {"uv": [0, 0, 2, 1], "texture": "#2"}}}, {"from": [10, 4, 15], "to": [12, 5, 16], "rotation": {"angle": 0, "axis": "y", "origin": [8, 8, 8]}, "faces": {"north": {"uv": [0, 0, 2, 1], "texture": "#2"}, "east": {"uv": [0, 0, 1, 1], "texture": "#2"}, "south": {"uv": [0, 0, 2, 1], "texture": "#2"}, "west": {"uv": [0, 0, 1, 1], "texture": "#2"}, "up": {"uv": [0, 0, 2, 1], "texture": "#2"}, "down": {"uv": [0, 0, 2, 1], "texture": "#2"}}}, {"from": [1, 1, 15], "to": [3, 2, 16], "rotation": {"angle": 0, "axis": "y", "origin": [8, 8, 8]}, "faces": {"north": {"uv": [0, 0, 2, 1], "texture": "#2"}, "east": {"uv": [0, 0, 1, 1], "texture": "#2"}, "south": {"uv": [0, 0, 2, 1], "texture": "#2"}, "west": {"uv": [0, 0, 1, 1], "texture": "#2"}, "up": {"uv": [0, 0, 2, 1], "texture": "#2"}, "down": {"uv": [0, 0, 2, 1], "texture": "#2"}}}, {"from": [2, 2, 15], "to": [4, 3, 16], "rotation": {"angle": 0, "axis": "y", "origin": [8, 8, 8]}, "faces": {"north": {"uv": [0, 0, 2, 1], "texture": "#2"}, "east": {"uv": [0, 0, 1, 1], "texture": "#2"}, "south": {"uv": [0, 0, 2, 1], "texture": "#2"}, "west": {"uv": [0, 0, 1, 1], "texture": "#2"}, "up": {"uv": [0, 0, 2, 1], "texture": "#2"}, "down": {"uv": [0, 0, 2, 1], "texture": "#2"}}}, {"from": [3, 3, 15], "to": [5, 4, 16], "rotation": {"angle": 0, "axis": "y", "origin": [8, 8, 8]}, "faces": {"north": {"uv": [0, 0, 2, 1], "texture": "#2"}, "east": {"uv": [0, 0, 1, 1], "texture": "#2"}, "south": {"uv": [0, 0, 2, 1], "texture": "#2"}, "west": {"uv": [0, 0, 1, 1], "texture": "#2"}, "up": {"uv": [0, 0, 2, 1], "texture": "#2"}, "down": {"uv": [0, 0, 2, 1], "texture": "#2"}}}, {"from": [4, 4, 15], "to": [6, 5, 16], "rotation": {"angle": 0, "axis": "y", "origin": [8, 8, 8]}, "faces": {"north": {"uv": [0, 0, 2, 1], "texture": "#2"}, "east": {"uv": [0, 0, 1, 1], "texture": "#2"}, "south": {"uv": [0, 0, 2, 1], "texture": "#2"}, "west": {"uv": [0, 0, 1, 1], "texture": "#2"}, "up": {"uv": [0, 0, 2, 1], "texture": "#2"}, "down": {"uv": [0, 0, 2, 1], "texture": "#2"}}}, {"from": [5, 5, 15], "to": [7, 6, 16], "rotation": {"angle": 0, "axis": "y", "origin": [8, 8, 8]}, "faces": {"north": {"uv": [0, 0, 2, 1], "texture": "#2"}, "east": {"uv": [0, 0, 1, 1], "texture": "#2"}, "south": {"uv": [0, 0, 2, 1], "texture": "#2"}, "west": {"uv": [0, 0, 1, 1], "texture": "#2"}, "up": {"uv": [0, 0, 2, 1], "texture": "#2"}, "down": {"uv": [0, 0, 2, 1], "texture": "#2"}}}, {"from": [6, 6, 15], "to": [10, 7, 16], "rotation": {"angle": 0, "axis": "y", "origin": [8, 8, 8]}, "faces": {"north": {"uv": [0, 0, 4, 1], "texture": "#2"}, "east": {"uv": [0, 0, 1, 1], "texture": "#2"}, "south": {"uv": [0, 0, 4, 1], "texture": "#2"}, "west": {"uv": [0, 0, 1, 1], "texture": "#2"}, "up": {"uv": [0, 0, 4, 1], "texture": "#2"}, "down": {"uv": [0, 0, 4, 1], "texture": "#2"}}}]}