{"credit": "Made with Blockbench by Mc_Jeronimo", "textures": {"0": "girsignals:blocks/default/shield_gray", "1": "girsignals:blocks/default/shield_black", "2": "girsignals:blocks/default/white", "particle": "girsignals:blocks/default/shield_gray"}, "elements": [{"from": [7, 0, 7], "to": [9, 16, 9], "rotation": {"angle": 0, "axis": "y", "origin": [8, 8, 8]}, "faces": {"north": {"uv": [0, 0, 2, 16], "texture": "#0"}, "east": {"uv": [0, 0, 2, 16], "texture": "#0"}, "south": {"uv": [0, 0, 2, 16], "texture": "#0"}, "west": {"uv": [0, 0, 2, 16], "texture": "#0"}, "up": {"uv": [0, 0, 2, 2], "texture": "#0"}, "down": {"uv": [0, 0, 2, 2], "texture": "#0"}}}, {"from": [1, 0, 6], "to": [15, 20, 7], "rotation": {"angle": 0, "axis": "y", "origin": [8, 8, 8]}, "faces": {"north": {"uv": [0, 0, 14, 16], "texture": "#2"}, "east": {"uv": [0, 0, 1, 16], "texture": "#1"}, "south": {"uv": [0, 0, 14, 16], "texture": "#1"}, "west": {"uv": [0, 0, 1, 16], "texture": "#1"}, "up": {"uv": [0, 0, 14, 1], "texture": "#1"}, "down": {"uv": [0, 0, 14, 1], "texture": "#1"}}}]}