{"credit": "Made with Blockbench by Mc_Jeronimo", "textures": {"0": "girsignals:blocks/default/shield_gray", "1": "girsignals:blocks/default/shield_black", "2": "girsignals:blocks/other_signals/ob_sign", "particle": "girsignals:blocks/default/shield_gray"}, "elements": [{"from": [7, 0, 7], "to": [9, 16, 9], "rotation": {"angle": 0, "axis": "y", "origin": [8, 8, 8]}, "faces": {"north": {"uv": [0, 0, 2, 16], "texture": "#0"}, "east": {"uv": [0, 0, 2, 16], "texture": "#0"}, "south": {"uv": [0, 0, 2, 16], "texture": "#0"}, "west": {"uv": [0, 0, 2, 16], "texture": "#0"}, "up": {"uv": [0, 0, 2, 2], "texture": "#0"}, "down": {"uv": [0, 0, 2, 2], "texture": "#0"}}}, {"from": [4, 9, 6], "to": [12, 14, 7], "rotation": {"angle": 0, "axis": "y", "origin": [8, 8, 8]}, "faces": {"north": {"uv": [0, 0, 16, 9.25], "texture": "#2"}, "east": {"uv": [0, 0, 1, 5], "texture": "#1"}, "south": {"uv": [0, 0, 8, 5], "texture": "#1"}, "west": {"uv": [0, 0, 1, 5], "texture": "#1"}, "up": {"uv": [0, 0, 8, 1], "texture": "#1"}, "down": {"uv": [0, 0, 8, 1], "texture": "#1"}}}]}