{"credit": "Made with Blockbench by Mc_Jeronimo", "textures": {"0": "girsignals:blocks/other_signals/station", "particle": "girsignals:blocks/other_signals/station"}, "elements": [{"from": [-16, 0, 3], "to": [0, 16, 13], "faces": {"north": {"uv": [0, 0, 16, 16], "texture": "#0", "cullface": "west"}, "south": {"uv": [0, 0, 16, 16], "texture": "#0", "cullface": "west"}, "west": {"uv": [0, 0, 10, 16], "texture": "#0", "cullface": "west"}, "up": {"uv": [0, 0, 16, 10], "texture": "#0", "cullface": "west"}, "down": {"uv": [0, 0, 16, 10], "texture": "#0", "cullface": "west"}}}, {"from": [0, 0, 3], "to": [16, 16, 13], "faces": {"north": {"uv": [0, 0, 16, 16], "texture": "#0"}, "south": {"uv": [0, 0, 16, 16], "texture": "#0"}, "up": {"uv": [0, 0, 16, 10], "texture": "#0", "cullface": "up"}, "down": {"uv": [0, 0, 16, 10], "texture": "#0", "cullface": "down"}}}, {"from": [16, 0, 3], "to": [32, 16, 13], "faces": {"north": {"uv": [0, 0, 16, 16], "texture": "#0", "cullface": "east"}, "east": {"uv": [0, 0, 10, 16], "texture": "#0", "cullface": "east"}, "south": {"uv": [0, 0, 16, 16], "texture": "#0", "cullface": "east"}, "up": {"uv": [0, 0, 16, 10], "texture": "#0", "cullface": "east"}, "down": {"uv": [0, 0, 16, 10], "texture": "#0", "cullface": "down"}}}]}