{"credit": "Made with Blockbench by Mc_Jeronimo", "textures": {"0": "girsignals:blocks/other_signals/station", "particle": "girsignals:blocks/other_signals/station", "overlay": "girsignals:blocks/zs3/z10"}, "elements": [{"from": [0, 0, 3], "to": [16, 16, 13], "faces": {"north": {"uv": [0, 0, 16, 16], "texture": "#0"}, "east": {"uv": [0, 0, 10, 16], "texture": "#0"}, "south": {"uv": [0, 0, 16, 16], "texture": "#0"}, "west": {"uv": [0, 0, 10, 16], "texture": "#0"}, "up": {"uv": [0, 0, 16, 10], "texture": "#0"}, "down": {"uv": [0, 0, 16, 10], "texture": "#0"}}}, {"from": [3, 1, 2.98], "to": [13, 15, 2.98], "faces": {"north": {"uv": [0, 0, 5, 7], "texture": "#overlay"}, "west": {"uv": [0, 0, 0, 0], "texture": "#1"}}}, {"from": [3, 1, 12.02], "to": [13, 15, 13.02], "faces": {"north": {"uv": [0, 0, 0, 0], "texture": "#1"}, "south": {"uv": [0, 0, 5, 7], "texture": "#overlay"}, "west": {"uv": [0, 0, 0, 0], "texture": "#1"}}}]}