{"credit": "Made with Blockbench by Mc_Jeronimo", "texture_size": [32, 32], "textures": {"0": "girsignals:blocks/default/mast", "2": "girsignals:blocks/default/controlbox", "3": "girsignals:blocks/default/shield_gray", "particle": "girsignals:blocks/default/mast"}, "elements": [{"name": "mast1", "from": [7, 2, 12], "to": [9, 16, 13], "faces": {"north": {"uv": [0, 0, 1, 8.5], "texture": "#0"}, "east": {"uv": [0, 0, 0.5, 8.5], "texture": "#0"}, "south": {"uv": [0, 0, 1, 8.5], "texture": "#0"}, "west": {"uv": [0, 0, 0.5, 8.5], "texture": "#0"}, "up": {"uv": [0, 0, 1, 0.5], "texture": "#0"}, "down": {"uv": [0, 0, 1, 0.5], "texture": "#0"}}}, {"name": "mast2", "from": [7, 2, 8], "to": [9, 16, 9], "faces": {"north": {"uv": [0, 0, 1, 8.5], "texture": "#0"}, "east": {"uv": [0, 0, 0.5, 8.5], "texture": "#0"}, "south": {"uv": [0, 0, 1, 8.5], "texture": "#0"}, "west": {"uv": [0, 0, 0.5, 8.5], "texture": "#0"}, "up": {"uv": [0, 0, 1, 0.5], "texture": "#0"}, "down": {"uv": [0, 0, 1, 0.5], "texture": "#0"}}}, {"name": "mast3", "from": [7, 10, 9], "to": [9, 11, 12], "faces": {"east": {"uv": [0, 0, 1.5, 0.5], "texture": "#0"}, "west": {"uv": [0, 0, 1.5, 0.5], "texture": "#0"}, "up": {"uv": [0, 0, 1, 1.5], "texture": "#0"}, "down": {"uv": [0, 0, 1, 1.5], "texture": "#0"}}}, {"name": "mast4", "from": [7, 4, 9], "to": [9, 5, 12], "faces": {"east": {"uv": [0, 0, 1.5, 0.5], "texture": "#0"}, "west": {"uv": [0, 0, 1.5, 0.5], "texture": "#0"}, "up": {"uv": [0, 0, 1, 1.5], "texture": "#0"}, "down": {"uv": [0, 0, 1, 1.5], "texture": "#0"}}}, {"name": "base", "from": [3, 0, 6], "to": [13, 2, 15], "faces": {"north": {"uv": [0, 0, 0.5, 0.5], "texture": "#3"}, "east": {"uv": [0, 0, 0.5, 0.5], "texture": "#3"}, "south": {"uv": [0, 0, 0.5, 0.5], "texture": "#3"}, "west": {"uv": [0, 0, 0.5, 0.5], "texture": "#3"}, "up": {"uv": [0, 0, 0.5, 0.5], "texture": "#3"}, "down": {"uv": [0, 0, 0.5, 0.5], "texture": "#3"}}}, {"name": "controlbox", "from": [4, 5, 13], "to": [12, 16, 17], "faces": {"north": {"uv": [0, 0, 0.5, 0.5], "texture": "#2"}, "east": {"uv": [0, 0, 0.5, 0.5], "texture": "#2"}, "south": {"uv": [0, 0, 0.5, 0.5], "texture": "#2"}, "west": {"uv": [0, 0, 0.5, 0.5], "texture": "#2"}, "up": {"uv": [0, 0, 0.5, 0.5], "texture": "#2"}, "down": {"uv": [0, 0, 0.5, 0.5], "texture": "#2"}}}], "groups": [{"name": "base", "origin": [10, -6, 23], "children": [0, 1, 2, 3, 4, 5]}]}