{
	"credit": "Made with Blockbench",
	"texture_size": [32, 32],
	"textures": {
		"0": "girsignals:blocks/default/mast",
		"1": "girsignals:blocks/default/shield_black",
		"2": "girsignals:blocks/default/shield_gray",
		"particle": "girsignals:blocks/default/mast",
		"lamp_red_primarynorth": "girsignals:blocks/lamps/lamp_dark",
		"lamp_red_secondarynorth": "girsignals:blocks/lamps/lamp_dark",
		"lamp_yellownorth": "girsignals:blocks/lamps/lamp_dark",
		"lamp_greennorth": "girsignals:blocks/lamps/lamp_dark"
	},
	"elements": [
		{
			"name": "lamp_green",
			"from": [3.5, 17, 4.9],
			"to": [7.5, 21, 4.9],
			"faces": {
				"north": {"uv": [0, 0, 4, 4], "texture": "#lamp_greennorth"}
			}
		},
		{
			"name": "lamp_red_primary",
			"from": [8.5, 1, 4.9],
			"to": [12.5, 5, 4.9],
			"faces": {
				"north": {"uv": [0, 0, 4, 4], "texture": "#lamp_red_primarynorth"}
			}
		},
		{
			"name": "lamp_red_secondary",
			"from": [8.5, 17, 4.9],
			"to": [12.5, 21, 4.9],
			"faces": {
				"north": {"uv": [0, 0, 4, 4], "texture": "#lamp_red_secondarynorth"}
			}
		},
		{
			"name": "lamp_yellow",
			"from": [3.5, 1, 4.9],
			"to": [7.5, 5, 4.9],
			"faces": {
				"north": {"uv": [0, 0, 4, 4], "texture": "#lamp_yellownorth"}
			}
		},
		{
			"name": "hoods1_1",
			"from": [12, 18, 4],
			"to": [13, 20, 5],
			"faces": {
				"north": {"uv": [0, 0, 0.5, 1], "texture": "#1"},
				"east": {"uv": [0, 0, 0.5, 1], "texture": "#1"},
				"west": {"uv": [0, 0, 0.5, 1], "texture": "#1"},
				"up": {"uv": [0, 0, 0.5, 0.5], "texture": "#1"},
				"down": {"uv": [0, 0, 0.5, 0.5], "texture": "#1"}
			}
		},
		{
			"name": "hoods1_2",
			"from": [11, 20, 3],
			"to": [12, 21, 5],
			"faces": {
				"north": {"uv": [0, 0, 0.5, 0.5], "texture": "#1"},
				"east": {"uv": [0, 0, 1, 0.5], "texture": "#1"},
				"west": {"uv": [0, 0, 1, 0.5], "texture": "#1"},
				"up": {"uv": [0, 0, 0.5, 1], "texture": "#1"},
				"down": {"uv": [0, 0, 0.5, 1], "texture": "#1"}
			}
		},
		{
			"name": "hoods1_2",
			"from": [5, 21, 1],
			"to": [11, 22, 5],
			"faces": {
				"north": {"uv": [0, 0, 0.5, 0.5], "texture": "#1"},
				"east": {"uv": [0, 0, 1, 0.5], "texture": "#1"},
				"west": {"uv": [0, 0, 1, 0.5], "texture": "#1"},
				"up": {"uv": [0, 0, 1, 0.5], "texture": "#1"},
				"down": {"uv": [0, 0, 1, 0.5], "texture": "#1"}
			}
		},
		{
			"name": "hoods1_3",
			"from": [4, 20, 3],
			"to": [5, 21, 5],
			"faces": {
				"north": {"uv": [0, 0, 0.5, 0.5], "texture": "#1"},
				"east": {"uv": [0, 0, 1, 0.5], "texture": "#1"},
				"west": {"uv": [0, 0, 1, 0.5], "texture": "#1"},
				"up": {"uv": [0, 0, 0.5, 1], "texture": "#1"},
				"down": {"uv": [0, 0, 0.5, 1], "texture": "#1"}
			}
		},
		{
			"name": "hoods1_4",
			"from": [3, 18, 4],
			"to": [4, 20, 5],
			"faces": {
				"north": {"uv": [0, 0, 0.5, 1], "texture": "#1"},
				"east": {"uv": [0, 0, 0.5, 1], "texture": "#1"},
				"west": {"uv": [0, 0, 0.5, 1], "texture": "#1"},
				"up": {"uv": [0, 0, 0.5, 0.5], "texture": "#1"},
				"down": {"uv": [0, 0, 0.5, 0.5], "texture": "#1"}
			}
		},
		{
			"name": "hoods2_2",
			"from": [12, 2, 4],
			"to": [13, 4, 5],
			"faces": {
				"north": {"uv": [0, 0, 0.5, 1], "texture": "#1"},
				"east": {"uv": [0, 0, 0.5, 1], "texture": "#1"},
				"west": {"uv": [0, 0, 0.5, 1], "texture": "#1"},
				"up": {"uv": [0, 0, 0.5, 0.5], "texture": "#1"},
				"down": {"uv": [0, 0, 0.5, 0.5], "texture": "#1"}
			}
		},
		{
			"name": "hoods1_3",
			"from": [11, 4, 3],
			"to": [12, 5, 5],
			"faces": {
				"north": {"uv": [0, 0, 0.5, 0.5], "texture": "#1"},
				"east": {"uv": [0, 0, 1, 0.5], "texture": "#1"},
				"west": {"uv": [0, 0, 1, 0.5], "texture": "#1"},
				"up": {"uv": [0, 0, 0.5, 1], "texture": "#1"},
				"down": {"uv": [0, 0, 0.5, 1], "texture": "#1"}
			}
		},
		{
			"name": "hoods1_3",
			"from": [5, 5, 1],
			"to": [11, 6, 5],
			"faces": {
				"north": {"uv": [0, 0, 0.5, 0.5], "texture": "#1"},
				"east": {"uv": [0, 0, 1, 0.5], "texture": "#1"},
				"west": {"uv": [0, 0, 1, 0.5], "texture": "#1"},
				"up": {"uv": [0, 0, 1, 0.5], "texture": "#1"},
				"down": {"uv": [0, 0, 1, 0.5], "texture": "#1"}
			}
		},
		{
			"name": "hoods1_4",
			"from": [4, 4, 3],
			"to": [5, 5, 5],
			"faces": {
				"north": {"uv": [0, 0, 0.5, 0.5], "texture": "#1"},
				"east": {"uv": [0, 0, 1, 0.5], "texture": "#1"},
				"west": {"uv": [0, 0, 1, 0.5], "texture": "#1"},
				"up": {"uv": [0, 0, 0.5, 1], "texture": "#1"},
				"down": {"uv": [0, 0, 0.5, 1], "texture": "#1"}
			}
		},
		{
			"name": "hoods1_5",
			"from": [3, 2, 4],
			"to": [4, 4, 5],
			"faces": {
				"north": {"uv": [0, 0, 0.5, 1], "texture": "#1"},
				"east": {"uv": [0, 0, 0.5, 1], "texture": "#1"},
				"west": {"uv": [0, 0, 0.5, 1], "texture": "#1"},
				"up": {"uv": [0, 0, 0.5, 0.5], "texture": "#1"},
				"down": {"uv": [0, 0, 0.5, 0.5], "texture": "#1"}
			}
		},
		{
			"name": "shield5",
			"from": [4, 1, 7],
			"to": [12, 5, 9],
			"faces": {
				"east": {"uv": [0, 0, 1, 2], "texture": "#0"},
				"south": {"uv": [0, 0, 2, 2], "texture": "#0"},
				"west": {"uv": [0, 0, 1, 2], "texture": "#0"},
				"up": {"uv": [0, 0, 2, 1], "texture": "#0"},
				"down": {"uv": [0, 0, 2, 1], "texture": "#0"}
			}
		},
		{
			"name": "shield6",
			"from": [4, 17, 7],
			"to": [12, 21, 9],
			"faces": {
				"east": {"uv": [0, 0, 1, 2], "texture": "#0"},
				"south": {"uv": [0, 0, 2, 2], "texture": "#0"},
				"west": {"uv": [0, 0, 1, 2], "texture": "#0"},
				"up": {"uv": [0, 0, 2, 1], "texture": "#0"},
				"down": {"uv": [0, 0, 2, 1], "texture": "#0"}
			}
		},
		{
			"name": "shield8",
			"from": [12.5, 13, 8],
			"to": [13.5, 14, 18],
			"faces": {
				"east": {"uv": [0, 0, 5, 0.5], "texture": "#2"},
				"west": {"uv": [0, 0, 5, 0.5], "texture": "#2"},
				"up": {"uv": [0, 0, 0.5, 5], "texture": "#2"},
				"down": {"uv": [0, 0, 0.5, 5], "texture": "#2"}
			}
		},
		{
			"name": "shield9",
			"from": [2.5, 13, 8],
			"to": [3.5, 14, 18],
			"faces": {
				"east": {"uv": [0, 0, 5, 0.5], "texture": "#2"},
				"west": {"uv": [0, 0, 5, 0.5], "texture": "#2"},
				"up": {"uv": [0, 0, 0.5, 5], "texture": "#2"},
				"down": {"uv": [0, 0, 0.5, 5], "texture": "#2"}
			}
		},
		{
			"name": "shield10",
			"from": [3.5, 23, 7],
			"to": [12.5, 24, 8],
			"faces": {
				"east": {"uv": [0, 0, 0.5, 0.5], "texture": "#2"},
				"south": {"uv": [0, 0, 4.5, 0.5], "texture": "#2"},
				"west": {"uv": [0, 0, 0.5, 0.5], "texture": "#2"},
				"up": {"uv": [0, 0, 4.5, 0.5], "texture": "#2"},
				"down": {"uv": [0, 0, 4.5, 0.5], "texture": "#2"}
			}
		},
		{
			"name": "shield11",
			"from": [2.5, 13, 18],
			"to": [13.5, 14, 19],
			"faces": {
				"north": {"uv": [9.25, 9, 14.75, 9.5], "texture": "#2"},
				"east": {"uv": [6.5, 9, 7, 9.5], "texture": "#2"},
				"south": {"uv": [1.25, 9, 6.75, 9.5], "texture": "#2"},
				"west": {"uv": [9, 9, 9.5, 9.5], "texture": "#2"},
				"up": {"uv": [1.25, 9, 6.75, 9.5], "texture": "#2"},
				"down": {"uv": [1.25, 6.5, 6.75, 7], "texture": "#2"}
			}
		},
		{
			"name": "shield12",
			"from": [4, 2, 18],
			"to": [5, 13, 19],
			"faces": {
				"north": {"uv": [0, 0, 0.5, 5.5], "texture": "#2"},
				"east": {"uv": [0, 0, 0.5, 5.5], "texture": "#2"},
				"south": {"uv": [0, 0, 0.5, 5.5], "texture": "#2"},
				"west": {"uv": [0, 0, 0.5, 5.5], "texture": "#2"}
			}
		},
		{
			"name": "shield13",
			"from": [11, 2, 18],
			"to": [12, 13, 19],
			"faces": {
				"north": {"uv": [0, 0, 0.5, 5.5], "texture": "#2"},
				"east": {"uv": [0, 0, 0.5, 5.5], "texture": "#2"},
				"south": {"uv": [0, 0, 0.5, 5.5], "texture": "#2"},
				"west": {"uv": [0, 0, 0.5, 5.5], "texture": "#2"}
			}
		},
		{
			"name": "shield14",
			"from": [3.5, 0, 7],
			"to": [12.5, 1, 8],
			"faces": {
				"south": {"uv": [0, 0, 4.5, 0.5], "texture": "#2"},
				"up": {"uv": [0, 0, 4.5, 0.5], "texture": "#2"},
				"down": {"uv": [0, 0, 4.5, 0.5], "texture": "#2"}
			}
		},
		{
			"name": "shield15",
			"from": [4, 1, 12],
			"to": [12, 2, 19],
			"faces": {
				"north": {"uv": [0, 0, 4, 0.5], "texture": "#2"},
				"east": {"uv": [0, 0, 3.5, 0.5], "texture": "#2"},
				"south": {"uv": [0, 0, 4, 0.5], "texture": "#2"},
				"west": {"uv": [0, 0, 3.5, 0.5], "texture": "#2"},
				"up": {"uv": [0, 0, 4, 3.5], "texture": "#2"},
				"down": {"uv": [0, 0, 4, 3.5], "texture": "#2"}
			}
		},
		{
			"name": "shield16",
			"from": [7, 0, 13],
			"to": [9, 1, 17],
			"faces": {
				"east": {"uv": [0, 0, 2, 0.5], "texture": "#2"},
				"south": {"uv": [0, 0, 1, 0.5], "texture": "#2"},
				"west": {"uv": [0, 0, 2, 0.5], "texture": "#2"},
				"down": {"uv": [0, 0, 1, 2], "texture": "#2"}
			}
		},
		{
			"name": "shield17",
			"from": [2.5, 0, 5],
			"to": [13.5, 23, 7],
			"faces": {
				"north": {"uv": [0, 0, 5.5, 11.5], "texture": "#1"},
				"east": {"uv": [0, 0, 1, 11.5], "texture": "#1"},
				"south": {"uv": [0, 0, 5.5, 11.5], "texture": "#2"},
				"west": {"uv": [0, 0, 1, 11.5], "texture": "#1"},
				"up": {"uv": [0, 0, 5.5, 1], "texture": "#1"},
				"down": {"uv": [0, 0, 5.5, 1], "texture": "#1"}
			}
		},
		{
			"name": "shield18",
			"from": [3.5, 23, 5],
			"to": [12.5, 24, 7],
			"faces": {
				"north": {"uv": [0, 0, 4.5, 0.5], "texture": "#1"},
				"east": {"uv": [0, 0, 1, 0.5], "texture": "#1"},
				"west": {"uv": [0, 0, 1, 0.5], "texture": "#1"},
				"up": {"uv": [0, 0, 4.5, 1], "texture": "#1"}
			}
		},
		{
			"name": "shield19",
			"from": [12.5, 0, 7],
			"to": [13.5, 23, 8],
			"faces": {
				"north": {"uv": [0, 0, 0.5, 11.5], "texture": "#2"},
				"east": {"uv": [0, 0, 0.5, 11.5], "texture": "#2"},
				"south": {"uv": [0, 0, 0.5, 11.5], "texture": "#2"},
				"west": {"uv": [0, 0, 0.5, 11.5], "texture": "#2"},
				"up": {"uv": [0, 0, 0.5, 0.5], "texture": "#2"},
				"down": {"uv": [0, 0, 0.5, 0.5], "texture": "#2"}
			}
		},
		{
			"name": "shield20",
			"from": [2.5, 0, 7],
			"to": [3.5, 23, 8],
			"faces": {
				"north": {"uv": [0, 0, 0.5, 11.5], "texture": "#2"},
				"east": {"uv": [0, 0, 0.5, 11.5], "texture": "#2"},
				"south": {"uv": [0, 0, 0.5, 11.5], "texture": "#2"},
				"west": {"uv": [0, 0, 0.5, 11.5], "texture": "#2"},
				"up": {"uv": [0, 0, 0.5, 0.5], "texture": "#2"},
				"down": {"uv": [0, 0, 0.5, 0.5], "texture": "#2"}
			}
		},
		{
			"name": "mast1",
			"from": [7, 0, 8],
			"to": [9, 1, 13],
			"faces": {
				"east": {"uv": [0, 0, 2.5, 0.5], "texture": "#0"},
				"west": {"uv": [0, 0, 2.5, 0.5], "texture": "#0"},
				"up": {"uv": [0, 0, 1, 2.5], "texture": "#0"},
				"down": {"uv": [0, 0, 1, 2.5], "texture": "#0"}
			}
		},
		{
			"name": "mast2",
			"from": [7, -16, 12],
			"to": [9, 0, 13],
			"faces": {
				"north": {"uv": [0, 0, 1, 8], "texture": "#0"},
				"east": {"uv": [0, 0, 0.5, 8], "texture": "#0"},
				"south": {"uv": [0, 0, 1, 8], "texture": "#0"},
				"west": {"uv": [0, 0, 0.5, 8], "texture": "#0"},
				"down": {"uv": [0, 0, 1, 0.5], "texture": "#0"}
			}
		},
		{
			"name": "mast3",
			"from": [7, -16, 8],
			"to": [9, 0, 9],
			"faces": {
				"north": {"uv": [0, 0, 1, 8], "texture": "#0"},
				"east": {"uv": [0, 0, 0.5, 8], "texture": "#0"},
				"south": {"uv": [0, 0, 1, 8], "texture": "#0"},
				"west": {"uv": [0, 0, 0.5, 8], "texture": "#0"},
				"down": {"uv": [0, 0, 1, 0.5], "texture": "#0"}
			}
		},
		{
			"name": "mast4",
			"from": [7, -6, 9],
			"to": [9, -5, 12],
			"faces": {
				"east": {"uv": [0, 0, 1.5, 0.5], "texture": "#0"},
				"west": {"uv": [0, 0, 1.5, 0.5], "texture": "#0"},
				"up": {"uv": [0, 0, 1, 1.5], "texture": "#0"},
				"down": {"uv": [0, 0, 1, 1.5], "texture": "#0"}
			}
		},
		{
			"name": "mast5",
			"from": [7, -12, 9],
			"to": [9, -11, 12],
			"faces": {
				"east": {"uv": [0, 0, 1.5, 0.5], "texture": "#0"},
				"west": {"uv": [0, 0, 1.5, 0.5], "texture": "#0"},
				"up": {"uv": [0, 0, 1, 1.5], "texture": "#0"},
				"down": {"uv": [0, 0, 1, 1.5], "texture": "#0"}
			}
		}
	],
	"groups": [
		{
			"name": "hv_hp",
			"origin": [8, 8, 8],
			"color": 0,
			"children": [
				{
					"name": "hp",
					"origin": [-8, 16, -27],
					"color": 0,
					"children": [
						{
							"name": "lamps",
							"origin": [4, 29, -23],
							"color": 0,
							"children": [0, 1, 2, 3]
						},
						{
							"name": "hoods1",
							"origin": [-1, 30, -23],
							"color": 0,
							"children": [4, 5, 6, 7, 8]
						},
						{
							"name": "hoods1",
							"origin": [-1, 30, -23],
							"color": 0,
							"children": [9, 10, 11, 12, 13]
						},
						{
							"name": "hoods2",
							"origin": [-1, 30, -23],
							"color": 0,
							"children": []
						},
						{
							"name": "hoods3",
							"origin": [-1, 30, -23],
							"color": 0,
							"children": []
						},
						{
							"name": "hoods4",
							"origin": [-1, 30, -23],
							"color": 0,
							"children": []
						},
						{
							"name": "hoods5",
							"origin": [-1, 30, -23],
							"color": 0,
							"children": []
						},
						{
							"name": "hoods6",
							"origin": [-1, 30, -23],
							"color": 0,
							"children": []
						},
						{
							"name": "hoods7",
							"origin": [-1, 30, -23],
							"color": 0,
							"children": []
						},
						{
							"name": "shield",
							"origin": [-14, 16, -28],
							"color": 0,
							"children": [14, 15, 16, 17, 18, 19, 20, 21, 22, 23, 24, 25, 26, 27, 28]
						},
						{
							"name": "mast",
							"origin": [-8, 16, -27],
							"color": 0,
							"children": [29, 30, 31, 32, 33]
						}
					]
				}
			]
		}
	]
}