{
	"credit": "Made with Blockbench",
	"texture_size": [32, 32],
	"textures": {
		"0": "girsignals:blocks/default/mast",
		"1": "girsignals:blocks/default/shield_black",
		"particle": "girsignals:blocks/default/mast",
		"lamp_white_identifiernorth": "girsignals:blocks/lamps/lamp_dark"
	},
	"elements": [
		{
			"name": "shield6",
			"from": [9.5, 9, 7],
			"to": [11.5, 11, 8],
			"faces": {
				"east": {"uv": [0, 0, 1, 2], "texture": "#0"},
				"south": {"uv": [0, 0, 2, 2], "texture": "#0"},
				"west": {"uv": [0, 0, 1, 2], "texture": "#0"},
				"up": {"uv": [0, 0, 2, 1], "texture": "#0"},
				"down": {"uv": [0, 0, 2, 1], "texture": "#0"}
			}
		},
		{
			"name": "lamp_white_identifier",
			"from": [9.5, 9, 4.9],
			"to": [11.5, 11, 4.9],
			"faces": {
				"north": {"uv": [1, 1, 3, 3], "texture": "#lamp_white_identifiernorth"}
			}
		},
		{
			"name": "hoods1_2",
			"from": [11.5, 10, 3],
			"to": [12.5, 11, 5],
			"faces": {
				"north": {"uv": [0, 0, 0.5, 0.5], "texture": "#1"},
				"east": {"uv": [0, 0, 1, 0.5], "texture": "#1"},
				"west": {"uv": [0, 0, 1, 0.5], "texture": "#1"},
				"up": {"uv": [0, 0, 0.5, 1], "texture": "#1"},
				"down": {"uv": [0, 0, 0.5, 1], "texture": "#1"}
			}
		},
		{
			"name": "hoods1_4",
			"from": [9.5, 11, 2],
			"to": [11.5, 12, 5],
			"faces": {
				"north": {"uv": [0, 0, 0.5, 0.5], "texture": "#1"},
				"east": {"uv": [0, 0, 1, 0.5], "texture": "#1"},
				"west": {"uv": [0, 0, 1, 0.5], "texture": "#1"},
				"up": {"uv": [0, 0, 0.5, 1], "texture": "#1"},
				"down": {"uv": [0, 0, 0.5, 1], "texture": "#1"}
			}
		},
		{
			"name": "hoods1_3",
			"from": [8.5, 10, 3],
			"to": [9.5, 11, 5],
			"faces": {
				"north": {"uv": [0, 0, 0.5, 0.5], "texture": "#1"},
				"east": {"uv": [0, 0, 1, 0.5], "texture": "#1"},
				"west": {"uv": [0, 0, 1, 0.5], "texture": "#1"},
				"up": {"uv": [0, 0, 0.5, 1], "texture": "#1"},
				"down": {"uv": [0, 0, 0.5, 1], "texture": "#1"}
			}
		}
	],
	"groups": [
		{
			"name": "group",
			"origin": [0, 0, 0],
			"color": 0,
			"children": [0, 1, 2, 3, 4]
		}
	]
}