{"credit": "Made with Blockbench by Mc_Jeronimo", "texture_size": [32, 32], "textures": {"0": "girsignals:blocks/default/mast", "particle": "girsignals:blocks/default/mast"}, "elements": [{"name": "mast1", "from": [7, 0, 12], "to": [9, 16, 13], "faces": {"north": {"uv": [0, 0, 1, 8.5], "texture": "#0"}, "east": {"uv": [0, 0, 0.5, 8.5], "texture": "#0"}, "south": {"uv": [0, 0, 1, 8.5], "texture": "#0"}, "west": {"uv": [0, 0, 0.5, 8.5], "texture": "#0"}, "up": {"uv": [0, 0, 1, 0.5], "texture": "#0"}, "down": {"uv": [0, 0, 1, 0.5], "texture": "#0"}}}, {"name": "mast2", "from": [7, 0, 8], "to": [9, 16, 9], "faces": {"north": {"uv": [0, 0, 1, 8.5], "texture": "#0"}, "east": {"uv": [0, 0, 0.5, 8.5], "texture": "#0"}, "south": {"uv": [0, 0, 1, 8.5], "texture": "#0"}, "west": {"uv": [0, 0, 0.5, 8.5], "texture": "#0"}, "up": {"uv": [0, 0, 1, 0.5], "texture": "#0"}, "down": {"uv": [0, 0, 1, 0.5], "texture": "#0"}}}, {"name": "mast3", "from": [7, 12, 9], "to": [9, 13, 12], "faces": {"east": {"uv": [0, 0, 1.5, 0.5], "texture": "#0"}, "west": {"uv": [0, 0, 1.5, 0.5], "texture": "#0"}, "up": {"uv": [0, 0, 1, 1.5], "texture": "#0"}, "down": {"uv": [0, 0, 1, 1.5], "texture": "#0"}}}, {"name": "mast4", "from": [7, 6, 9], "to": [9, 7, 12], "faces": {"east": {"uv": [0, 0, 1.5, 0.5], "texture": "#0"}, "west": {"uv": [0, 0, 1.5, 0.5], "texture": "#0"}, "up": {"uv": [0, 0, 1, 1.5], "texture": "#0"}, "down": {"uv": [0, 0, 1, 1.5], "texture": "#0"}}}, {"name": "mast5", "from": [7, 0, 9], "to": [9, 1, 12], "faces": {"east": {"uv": [0, 0, 1.5, 0.5], "texture": "#0"}, "west": {"uv": [0, 0, 1.5, 0.5], "texture": "#0"}, "up": {"uv": [0, 0, 1, 1.5], "texture": "#0"}, "down": {"uv": [0, 0, 1, 1.5], "texture": "#0"}}}], "groups": [{"name": "mast_without_sign", "origin": [-5, 10, 22], "children": [0, 1, 2, 3, 4]}]}