{"credit": "Made with Blockbench by Mc_Jeronimo", "texture_size": [32, 32], "textures": {"1": "girsignals:blocks/default/white", "7": "girsignals:blocks/ne/ne2", "particle": "girsignals:blocks/ne/ne2"}, "elements": [{"name": "ne2", "from": [3, 6, 7], "to": [13, 20, 8], "faces": {"north": {"uv": [0, 0, 10, 14], "texture": "#7"}, "east": {"uv": [0, 0, 0.5, 7], "texture": "#1"}, "south": {"uv": [0, 0, 5, 7], "texture": "#1"}, "west": {"uv": [0, 0, 0.5, 7], "texture": "#1"}, "up": {"uv": [0, 0, 5, 0.5], "texture": "#1"}, "down": {"uv": [0, 0, 5, 0.5], "texture": "#1"}}}]}