{"credit": "Made with Blockbench by Mc_Jeronimo", "texture_size": [32, 32], "textures": {"6": "girsignals:blocks/default/white", "particle": "girsignals:blocks/default/mast"}, "elements": [{"name": "sign", "from": [5, 8, 7], "to": [11, 13, 8], "faces": {"north": {"uv": [0, 0, 3, 2.5], "texture": "#6"}, "east": {"uv": [0, 0, 0.5, 2.5], "texture": "#6"}, "south": {"uv": [0, 0, 3, 2.5], "texture": "#6"}, "west": {"uv": [0, 0, 0.5, 2.5], "texture": "#6"}, "up": {"uv": [0, 0, 3, 0.5], "texture": "#6"}, "down": {"uv": [0, 0, 3, 0.5], "texture": "#6"}}}], "groups": [{"name": "mast_sign", "origin": [10, 26, 23], "children": [0]}]}