{"credit": "Made with Blockbench by Mc_Jeronimo", "texture_size": [32, 32], "textures": {"0": "girsignals:blocks/default/mast", "2": "girsignals:blocks/mast_sign/wrw", "6": "girsignals:blocks/default/white", "particle": "girsignals:blocks/default/mast"}, "elements": [{"name": "sign", "from": [7, 4, 7], "to": [9, 20, 8], "faces": {"north": {"uv": [0, 0, 1, 16], "texture": "#2"}, "east": {"uv": [0, 0, 0.5, 8.5], "texture": "#6"}, "south": {"uv": [0, 0, 1, 8.5], "texture": "#0"}, "west": {"uv": [0, 0, 0.5, 8.5], "texture": "#6"}, "up": {"uv": [0, 0, 1, 0.5], "texture": "#6"}, "down": {"uv": [0, 0, 1, 0.5], "texture": "#6"}}}], "groups": [{"name": "mastsign", "origin": [10, 10, 23], "children": [0]}]}