{"credit": "Made with Blockbench by Mc_Jeronimo", "texture_size": [32, 32], "textures": {"1": "girsignals:blocks/default/shield_black", "2": "girsignals:blocks/default/shield_gray", "lamp_white_identifiernorth": "girsignals:blocks/lamps/lamp_dark"}, "elements": [{"name": "Schild7", "from": [13, 6, 5], "to": [15, 7, 7], "faces": {"north": {"uv": [0, 0, 3.5, 0.5], "texture": "#1"}, "east": {"uv": [0, 0, 1, 0.5], "texture": "#1"}, "south": {"uv": [0, 0, 3.5, 0.5], "texture": "#2"}, "west": {"uv": [0, 0, 1, 0.5], "texture": "#1"}, "up": {"uv": [0, 0, 3.5, 1], "texture": "#1"}, "down": {"uv": [0, 0, 3.5, 1], "texture": "#1"}}}, {"name": "Schild8", "from": [12, 7, 5], "to": [16, 8, 7], "faces": {"north": {"uv": [0, 0, 4, 0.5], "texture": "#1"}, "east": {"uv": [0, 0, 1, 0.5], "texture": "#1"}, "south": {"uv": [0, 0, 4, 0.5], "texture": "#2"}, "west": {"uv": [0, 0, 1, 0.5], "texture": "#1"}, "up": {"uv": [0, 0, 4, 1], "texture": "#1"}, "down": {"uv": [0, 0, 4, 1], "texture": "#1"}}}, {"name": "Schild10", "from": [11, 8, 5], "to": [16, 9, 7], "faces": {"north": {"uv": [0, 0, 4, 0.5], "texture": "#1"}, "east": {"uv": [0, 0, 1, 0.5], "texture": "#1"}, "south": {"uv": [0, 0, 4, 0.5], "texture": "#2"}, "west": {"uv": [0, 0, 1, 0.5], "texture": "#1"}, "up": {"uv": [0, 0, 4, 1], "texture": "#1"}, "down": {"uv": [0, 0, 4, 1], "texture": "#1"}}}, {"name": "Schild9", "from": [10, 9, 5], "to": [16, 10, 7], "faces": {"north": {"uv": [0, 0, 4, 0.5], "texture": "#1"}, "east": {"uv": [0, 0, 1, 0.5], "texture": "#1"}, "south": {"uv": [0, 0, 4, 0.5], "texture": "#2"}, "west": {"uv": [0, 0, 1, 0.5], "texture": "#1"}, "up": {"uv": [0, 0, 4, 1], "texture": "#1"}, "down": {"uv": [0, 0, 4, 1], "texture": "#1"}}}, {"name": "Schild11", "from": [11, 10, 5], "to": [15, 11, 7], "faces": {"north": {"uv": [0, 0, 0.5, 0.5], "texture": "#1"}, "east": {"uv": [0, 0, 0.5, 0.5], "texture": "#1"}, "south": {"uv": [0, 0, 0.5, 0.5], "texture": "#2"}, "west": {"uv": [0, 0, 0.5, 0.5], "texture": "#1"}, "up": {"uv": [0, 0, 0.5, 0.5], "texture": "#1"}, "down": {"uv": [0, 0, 0.5, 0.5], "texture": "#1"}}}, {"name": "hood3_3", "from": [12, 9, 2], "to": [14, 10, 5], "faces": {"north": {"uv": [0, 0, 1, 0.5], "texture": "#1"}, "east": {"uv": [0, 0, 1.5, 0.5], "texture": "#1"}, "south": {"uv": [0, 0, 1, 0.5], "texture": "#1"}, "west": {"uv": [0, 0, 1.5, 0.5], "texture": "#1"}, "up": {"uv": [0, 0, 1, 1.5], "texture": "#1"}, "down": {"uv": [0, 0, 1, 1.5], "texture": "#1"}}}, {"name": "hood3_1", "from": [14, 8, 3], "to": [15, 9, 5], "faces": {"north": {"uv": [0, 0, 0.5, 0.5], "texture": "#1"}, "east": {"uv": [0, 0, 1, 0.5], "texture": "#1"}, "south": {"uv": [0, 0, 0.5, 0.5], "texture": "#1"}, "west": {"uv": [0, 0, 1, 0.5], "texture": "#1"}, "up": {"uv": [0, 0, 0.5, 1], "texture": "#1"}, "down": {"uv": [0, 0, 0.5, 1], "texture": "#1"}}}, {"name": "lamp_white_identifier", "from": [12, 7, 4.9], "to": [14, 9, 4.9], "faces": {"north": {"uv": [1, 1, 3, 3], "texture": "#lamp_white_identifiernorth"}}}, {"name": "hood3_2", "from": [11, 8, 3], "to": [12, 9, 5], "faces": {"north": {"uv": [0, 0, 0.5, 0.5], "texture": "#1"}, "east": {"uv": [0, 0, 1, 0.5], "texture": "#1"}, "south": {"uv": [0, 0, 0.5, 0.5], "texture": "#1"}, "west": {"uv": [0, 0, 1, 0.5], "texture": "#1"}, "up": {"uv": [0, 0, 0.5, 1], "texture": "#1"}, "down": {"uv": [0, 0, 0.5, 1], "texture": "#1"}}}, {"name": "Schild19", "from": [11, 10, 7], "to": [15, 11, 8], "faces": {"north": {"uv": [0, 0, 2, 0.5], "texture": "#2"}, "east": {"uv": [0, 0, 0.5, 0.5], "texture": "#2"}, "south": {"uv": [0, 0, 2, 0.5], "texture": "#2"}, "west": {"uv": [0, 0, 0.5, 0.5], "texture": "#2"}, "up": {"uv": [0, 0, 2, 0.5], "texture": "#2"}, "down": {"uv": [0, 0, 2, 0.5], "texture": "#2"}}}, {"name": "Schild18", "from": [10, 9, 7], "to": [11, 10, 8], "faces": {"north": {"uv": [0, 0, 1, 0.5], "texture": "#2"}, "east": {"uv": [0, 0, 0.5, 0.5], "texture": "#2"}, "south": {"uv": [0, 0, 1, 0.5], "texture": "#2"}, "west": {"uv": [0, 0, 0.5, 0.5], "texture": "#2"}, "up": {"uv": [0, 0, 1, 0.5], "texture": "#2"}, "down": {"uv": [0, 0, 1, 0.5], "texture": "#2"}}}, {"name": "Schild17", "from": [15, 7, 7], "to": [16, 10, 8], "faces": {"north": {"uv": [0, 0, 0.5, 1.5], "texture": "#2"}, "east": {"uv": [0, 0, 0.5, 1.5], "texture": "#2"}, "south": {"uv": [0, 0, 0.5, 1.5], "texture": "#2"}, "west": {"uv": [0, 0, 0.5, 1.5], "texture": "#2"}, "up": {"uv": [0, 0, 0.5, 0.5], "texture": "#2"}, "down": {"uv": [0, 0, 0.5, 0.5], "texture": "#2"}}}, {"name": "Schild16", "from": [14, 6, 7], "to": [15, 7, 8], "faces": {"north": {"uv": [0, 0, 0.5, 0.5], "texture": "#2"}, "east": {"uv": [0, 0, 0.5, 0.5], "texture": "#2"}, "south": {"uv": [0, 0, 0.5, 0.5], "texture": "#2"}, "west": {"uv": [0, 0, 0.5, 0.5], "texture": "#2"}, "up": {"uv": [0, 0, 0.5, 0.5], "texture": "#2"}, "down": {"uv": [0, 0, 0.5, 0.5], "texture": "#2"}}}], "groups": [{"name": "vr_statuslight", "origin": [8, 8, 8], "color": 0, "children": [0, 1, 2, 3, 4, 5, 6, 7, 8, 9, 10, 11, 12]}]}