{"credit": "Made with Blockbench by Mc_Jeronimo", "texture_size": [32, 32], "textures": {"0": "girsignals:blocks/default/mast", "1": "girsignals:blocks/default/shield_black", "2": "girsignals:blocks/default/shield_gray", "particle": "girsignals:blocks/default/mast", "lamp_green_1north": "girsignals:blocks/lamps/lamp_dark", "lamp_yellow_1north": "girsignals:blocks/lamps/lamp_dark", "lamp_green_2north": "girsignals:blocks/lamps/lamp_dark", "lamp_yellow_2north": "girsignals:blocks/lamps/lamp_dark"}, "elements": [{"name": "Schild1", "from": [8, -4, 5], "to": [18, 2, 7], "faces": {"north": {"uv": [0, 0, 5, 3], "texture": "#1"}, "east": {"uv": [0, 0, 5, 3], "texture": "#1"}, "south": {"uv": [0, 0, 5, 3], "texture": "#2"}, "west": {"uv": [0, 0, 5, 3], "texture": "#1"}, "up": {"uv": [0, 0, 5, 3], "texture": "#1"}, "down": {"uv": [0, 0, 5, 3], "texture": "#1"}}}, {"name": "Schild2", "from": [2, 2, 5], "to": [17, 3, 7], "faces": {"north": {"uv": [0, 0, 7.5, 1], "texture": "#1"}, "east": {"uv": [0, 0, 7.5, 1], "texture": "#1"}, "south": {"uv": [0, 0, 7.5, 1], "texture": "#2"}, "west": {"uv": [0, 0, 7.5, 1], "texture": "#1"}, "up": {"uv": [0, 0, 7.5, 1], "texture": "#1"}, "down": {"uv": [0, 0, 7.5, 1], "texture": "#1"}}}, {"name": "Schild3", "from": [3, 1, 5], "to": [8, 2, 7], "faces": {"north": {"uv": [0, 0, 2.5, 0.5], "texture": "#1"}, "east": {"uv": [0, 0, 2.5, 0.5], "texture": "#1"}, "south": {"uv": [0, 0, 2.5, 0.5], "texture": "#2"}, "west": {"uv": [0, 0, 2.5, 0.5], "texture": "#1"}, "up": {"uv": [0, 0, 2.5, 0.5], "texture": "#1"}, "down": {"uv": [0, 0, 2.5, 0.5], "texture": "#1"}}}, {"name": "Schild4", "from": [4, 0, 5], "to": [8, 1, 7], "faces": {"north": {"uv": [0, 0, 2, 0.5], "texture": "#1"}, "east": {"uv": [0, 0, 2, 0.5], "texture": "#1"}, "south": {"uv": [0, 0, 2, 0.5], "texture": "#2"}, "west": {"uv": [0, 0, 2, 0.5], "texture": "#1"}, "up": {"uv": [0, 0, 2, 0.5], "texture": "#1"}, "down": {"uv": [0, 0, 2, 0.5], "texture": "#1"}}}, {"name": "Schild5", "from": [5, -1, 5], "to": [8, 0, 7], "faces": {"north": {"uv": [0, 0, 1.5, 0.5], "texture": "#1"}, "east": {"uv": [0, 0, 1.5, 0.5], "texture": "#1"}, "south": {"uv": [0, 0, 1.5, 0.5], "texture": "#2"}, "west": {"uv": [0, 0, 1.5, 0.5], "texture": "#1"}, "up": {"uv": [0, 0, 1.5, 0.5], "texture": "#1"}, "down": {"uv": [0, 0, 1.5, 0.5], "texture": "#1"}}}, {"name": "Schild6", "from": [6, -2, 5], "to": [8, -1, 7], "faces": {"north": {"uv": [0, 0, 1, 0.5], "texture": "#1"}, "east": {"uv": [0, 0, 1, 0.5], "texture": "#1"}, "south": {"uv": [0, 0, 1, 0.5], "texture": "#2"}, "west": {"uv": [0, 0, 1, 0.5], "texture": "#1"}, "up": {"uv": [0, 0, 1, 0.5], "texture": "#1"}, "down": {"uv": [0, 0, 1, 0.5], "texture": "#1"}}}, {"name": "Schild7", "from": [7, -3, 5], "to": [8, -2, 7], "faces": {"north": {"uv": [0, 0, 0.5, 0.5], "texture": "#1"}, "east": {"uv": [0, 0, 0.5, 0.5], "texture": "#1"}, "south": {"uv": [0, 0, 0.5, 0.5], "texture": "#2"}, "west": {"uv": [0, 0, 0.5, 0.5], "texture": "#1"}, "up": {"uv": [0, 0, 0.5, 0.5], "texture": "#1"}, "down": {"uv": [0, 0, 0.5, 0.5], "texture": "#1"}}}, {"name": "Schild8", "from": [7, -3, 7], "to": [8, -2, 8], "faces": {"north": {"uv": [0, 0, 0.5, 0.5], "texture": "#2"}, "east": {"uv": [0, 0, 0.5, 0.5], "texture": "#2"}, "south": {"uv": [0, 0, 0.5, 0.5], "texture": "#2"}, "west": {"uv": [0, 0, 0.5, 0.5], "texture": "#2"}, "up": {"uv": [0, 0, 0.5, 0.5], "texture": "#2"}, "down": {"uv": [0, 0, 0.5, 0.5], "texture": "#2"}}}, {"name": "Schild9", "from": [8, -4, 7], "to": [9, -3, 8], "faces": {"north": {"uv": [0, 0, 0.5, 0.5], "texture": "#2"}, "east": {"uv": [0, 0, 0.5, 0.5], "texture": "#2"}, "south": {"uv": [0, 0, 0.5, 0.5], "texture": "#2"}, "west": {"uv": [0, 0, 0.5, 0.5], "texture": "#2"}, "up": {"uv": [0, 0, 0.5, 0.5], "texture": "#2"}, "down": {"uv": [0, 0, 0.5, 0.5], "texture": "#2"}}}, {"name": "Schild10", "from": [9, -5, 7], "to": [10, -4, 8], "faces": {"north": {"uv": [0, 0, 0.5, 0.5], "texture": "#2"}, "east": {"uv": [0, 0, 0.5, 0.5], "texture": "#2"}, "south": {"uv": [0, 0, 0.5, 0.5], "texture": "#2"}, "west": {"uv": [0, 0, 0.5, 0.5], "texture": "#2"}, "up": {"uv": [0, 0, 0.5, 0.5], "texture": "#2"}, "down": {"uv": [0, 0, 0.5, 0.5], "texture": "#2"}}}, {"name": "Schild11", "from": [16, -5, 7], "to": [17, -4, 8], "faces": {"north": {"uv": [0, 0, 0.5, 0.5], "texture": "#2"}, "east": {"uv": [0, 0, 0.5, 0.5], "texture": "#2"}, "south": {"uv": [0, 0, 0.5, 0.5], "texture": "#2"}, "west": {"uv": [0, 0, 0.5, 0.5], "texture": "#2"}, "up": {"uv": [0, 0, 0.5, 0.5], "texture": "#2"}, "down": {"uv": [0, 0, 0.5, 0.5], "texture": "#2"}}}, {"name": "Schild12", "from": [16, 2, 7], "to": [17, 3, 8], "faces": {"north": {"uv": [0, 0, 0.5, 0.5], "texture": "#2"}, "east": {"uv": [0, 0, 0.5, 0.5], "texture": "#2"}, "south": {"uv": [0, 0, 0.5, 0.5], "texture": "#2"}, "west": {"uv": [0, 0, 0.5, 0.5], "texture": "#2"}, "up": {"uv": [0, 0, 0.5, 0.5], "texture": "#2"}, "down": {"uv": [0, 0, 0.5, 0.5], "texture": "#2"}}}, {"name": "Schild13", "from": [15, 3, 7], "to": [16, 4, 8], "faces": {"north": {"uv": [0, 0, 0.5, 0.5], "texture": "#2"}, "east": {"uv": [0, 0, 0.5, 0.5], "texture": "#2"}, "south": {"uv": [0, 0, 0.5, 0.5], "texture": "#2"}, "west": {"uv": [0, 0, 0.5, 0.5], "texture": "#2"}, "up": {"uv": [0, 0, 0.5, 0.5], "texture": "#2"}, "down": {"uv": [0, 0, 0.5, 0.5], "texture": "#2"}}}, {"name": "Schild14", "from": [14, 4, 7], "to": [15, 5, 8], "faces": {"north": {"uv": [0, 0, 0.5, 0.5], "texture": "#2"}, "east": {"uv": [0, 0, 0.5, 0.5], "texture": "#2"}, "south": {"uv": [0, 0, 0.5, 0.5], "texture": "#2"}, "west": {"uv": [0, 0, 0.5, 0.5], "texture": "#2"}, "up": {"uv": [0, 0, 0.5, 0.5], "texture": "#2"}, "down": {"uv": [0, 0, 0.5, 0.5], "texture": "#2"}}}, {"name": "Schild15", "from": [13, 5, 7], "to": [14, 6, 8], "faces": {"north": {"uv": [0, 0, 0.5, 0.5], "texture": "#2"}, "east": {"uv": [0, 0, 0.5, 0.5], "texture": "#2"}, "south": {"uv": [0, 0, 0.5, 0.5], "texture": "#2"}, "west": {"uv": [0, 0, 0.5, 0.5], "texture": "#2"}, "up": {"uv": [0, 0, 0.5, 0.5], "texture": "#2"}, "down": {"uv": [0, 0, 0.5, 0.5], "texture": "#2"}}}, {"name": "Schild16", "from": [12, 6, 7], "to": [13, 7, 8], "faces": {"north": {"uv": [0, 0, 0.5, 0.5], "texture": "#2"}, "east": {"uv": [0, 0, 0.5, 0.5], "texture": "#2"}, "south": {"uv": [0, 0, 0.5, 0.5], "texture": "#2"}, "west": {"uv": [0, 0, 0.5, 0.5], "texture": "#2"}, "up": {"uv": [0, 0, 0.5, 0.5], "texture": "#2"}, "down": {"uv": [0, 0, 0.5, 0.5], "texture": "#2"}}}, {"name": "Schild17", "from": [11, 7, 7], "to": [12, 8, 8], "faces": {"north": {"uv": [0, 0, 0.5, 0.5], "texture": "#2"}, "east": {"uv": [0, 0, 0.5, 0.5], "texture": "#2"}, "south": {"uv": [0, 0, 0.5, 0.5], "texture": "#2"}, "west": {"uv": [0, 0, 0.5, 0.5], "texture": "#2"}, "up": {"uv": [0, 0, 0.5, 0.5], "texture": "#2"}, "down": {"uv": [0, 0, 0.5, 0.5], "texture": "#2"}}}, {"name": "Schild18", "from": [9, 9, 7], "to": [10, 10, 8], "faces": {"north": {"uv": [0, 0, 0.5, 0.5], "texture": "#2"}, "east": {"uv": [0, 0, 0.5, 0.5], "texture": "#2"}, "south": {"uv": [0, 0, 0.5, 0.5], "texture": "#2"}, "west": {"uv": [0, 0, 0.5, 0.5], "texture": "#2"}, "up": {"uv": [0, 0, 0.5, 0.5], "texture": "#2"}, "down": {"uv": [0, 0, 0.5, 0.5], "texture": "#2"}}}, {"name": "Schild19", "from": [8, 10, 7], "to": [9, 11, 8], "faces": {"north": {"uv": [0, 0, 0.5, 0.5], "texture": "#2"}, "east": {"uv": [0, 0, 0.5, 0.5], "texture": "#2"}, "south": {"uv": [0, 0, 0.5, 0.5], "texture": "#2"}, "west": {"uv": [0, 0, 0.5, 0.5], "texture": "#2"}, "up": {"uv": [0, 0, 0.5, 0.5], "texture": "#2"}, "down": {"uv": [0, 0, 0.5, 0.5], "texture": "#2"}}}, {"name": "Schild20", "from": [7, 11, 7], "to": [8, 12, 8], "faces": {"north": {"uv": [0, 0, 0.5, 0.5], "texture": "#2"}, "east": {"uv": [0, 0, 0.5, 0.5], "texture": "#2"}, "south": {"uv": [0, 0, 0.5, 0.5], "texture": "#2"}, "west": {"uv": [0, 0, 0.5, 0.5], "texture": "#2"}, "up": {"uv": [0, 0, 0.5, 0.5], "texture": "#2"}, "down": {"uv": [0, 0, 0.5, 0.5], "texture": "#2"}}}, {"name": "Schild21", "from": [6, 12, 7], "to": [7, 13, 8], "faces": {"north": {"uv": [0, 0, 0.5, 0.5], "texture": "#2"}, "east": {"uv": [0, 0, 0.5, 0.5], "texture": "#2"}, "south": {"uv": [0, 0, 0.5, 0.5], "texture": "#2"}, "west": {"uv": [0, 0, 0.5, 0.5], "texture": "#2"}, "up": {"uv": [0, 0, 0.5, 0.5], "texture": "#2"}, "down": {"uv": [0, 0, 0.5, 0.5], "texture": "#2"}}}, {"name": "Schild22", "from": [-1, 12, 7], "to": [0, 13, 8], "faces": {"north": {"uv": [0, 0, 0.5, 0.5], "texture": "#2"}, "east": {"uv": [0, 0, 0.5, 0.5], "texture": "#2"}, "south": {"uv": [0, 0, 0.5, 0.5], "texture": "#2"}, "west": {"uv": [0, 0, 0.5, 0.5], "texture": "#2"}, "up": {"uv": [0, 0, 0.5, 0.5], "texture": "#2"}, "down": {"uv": [0, 0, 0.5, 0.5], "texture": "#2"}}}, {"name": "Schild23", "from": [-1, 5, 7], "to": [0, 6, 8], "faces": {"north": {"uv": [0, 0, 0.5, 0.5], "texture": "#2"}, "east": {"uv": [0, 0, 0.5, 0.5], "texture": "#2"}, "south": {"uv": [0, 0, 0.5, 0.5], "texture": "#2"}, "west": {"uv": [0, 0, 0.5, 0.5], "texture": "#2"}, "up": {"uv": [0, 0, 0.5, 0.5], "texture": "#2"}, "down": {"uv": [0, 0, 0.5, 0.5], "texture": "#2"}}}, {"name": "Schild24", "from": [0, 4, 7], "to": [1, 5, 8], "faces": {"north": {"uv": [0, 0, 0.5, 0.5], "texture": "#2"}, "east": {"uv": [0, 0, 0.5, 0.5], "texture": "#2"}, "south": {"uv": [0, 0, 0.5, 0.5], "texture": "#2"}, "west": {"uv": [0, 0, 0.5, 0.5], "texture": "#2"}, "up": {"uv": [0, 0, 0.5, 0.5], "texture": "#2"}, "down": {"uv": [0, 0, 0.5, 0.5], "texture": "#2"}}}, {"name": "Schild25", "from": [2, 2, 7], "to": [3, 3, 8], "faces": {"north": {"uv": [0, 0, 0.5, 0.5], "texture": "#2"}, "east": {"uv": [0, 0, 0.5, 0.5], "texture": "#2"}, "south": {"uv": [0, 0, 0.5, 0.5], "texture": "#2"}, "west": {"uv": [0, 0, 0.5, 0.5], "texture": "#2"}, "up": {"uv": [0, 0, 0.5, 0.5], "texture": "#2"}, "down": {"uv": [0, 0, 0.5, 0.5], "texture": "#2"}}}, {"name": "Schild26", "from": [3, 1, 7], "to": [4, 2, 8], "faces": {"north": {"uv": [0, 0, 0.5, 0.5], "texture": "#2"}, "east": {"uv": [0, 0, 0.5, 0.5], "texture": "#2"}, "south": {"uv": [0, 0, 0.5, 0.5], "texture": "#2"}, "west": {"uv": [0, 0, 0.5, 0.5], "texture": "#2"}, "up": {"uv": [0, 0, 0.5, 0.5], "texture": "#2"}, "down": {"uv": [0, 0, 0.5, 0.5], "texture": "#2"}}}, {"name": "Schild27", "from": [4, 0, 7], "to": [5, 1, 8], "faces": {"north": {"uv": [0, 0, 0.5, 0.5], "texture": "#2"}, "east": {"uv": [0, 0, 0.5, 0.5], "texture": "#2"}, "south": {"uv": [0, 0, 0.5, 0.5], "texture": "#2"}, "west": {"uv": [0, 0, 0.5, 0.5], "texture": "#2"}, "up": {"uv": [0, 0, 0.5, 0.5], "texture": "#2"}, "down": {"uv": [0, 0, 0.5, 0.5], "texture": "#2"}}}, {"name": "Schild28", "from": [5, -1, 7], "to": [6, 0, 8], "faces": {"north": {"uv": [0, 0, 0.5, 0.5], "texture": "#2"}, "east": {"uv": [0, 0, 0.5, 0.5], "texture": "#2"}, "south": {"uv": [0, 0, 0.5, 0.5], "texture": "#2"}, "west": {"uv": [0, 0, 0.5, 0.5], "texture": "#2"}, "up": {"uv": [0, 0, 0.5, 0.5], "texture": "#2"}, "down": {"uv": [0, 0, 0.5, 0.5], "texture": "#2"}}}, {"name": "Schild29", "from": [6, -2, 7], "to": [7, -1, 8], "faces": {"north": {"uv": [0, 0, 0.5, 0.5], "texture": "#2"}, "east": {"uv": [0, 0, 0.5, 0.5], "texture": "#2"}, "south": {"uv": [0, 0, 0.5, 0.5], "texture": "#2"}, "west": {"uv": [0, 0, 0.5, 0.5], "texture": "#2"}, "up": {"uv": [0, 0, 0.5, 0.5], "texture": "#2"}, "down": {"uv": [0, 0, 0.5, 0.5], "texture": "#2"}}}, {"name": "Schild26", "from": [1, 3, 7], "to": [2, 4, 8], "faces": {"north": {"uv": [0, 0, 0.5, 0.5], "texture": "#2"}, "east": {"uv": [0, 0, 0.5, 0.5], "texture": "#2"}, "south": {"uv": [0, 0, 0.5, 0.5], "texture": "#2"}, "west": {"uv": [0, 0, 0.5, 0.5], "texture": "#2"}, "up": {"uv": [0, 0, 0.5, 0.5], "texture": "#2"}, "down": {"uv": [0, 0, 0.5, 0.5], "texture": "#2"}}}, {"name": "Schild23", "from": [0, 13, 7], "to": [6, 14, 8], "faces": {"north": {"uv": [0, 0, 0.5, 0.5], "texture": "#2"}, "east": {"uv": [0, 0, 0.5, 0.5], "texture": "#2"}, "south": {"uv": [0, 0, 0.5, 0.5], "texture": "#2"}, "west": {"uv": [0, 0, 0.5, 0.5], "texture": "#2"}, "up": {"uv": [0, 0, 0.5, 0.5], "texture": "#2"}, "down": {"uv": [0, 0, 0.5, 0.5], "texture": "#2"}}}, {"name": "Schild24", "from": [-2, 6, 7], "to": [-1, 12, 8], "faces": {"north": {"uv": [0, 0, 0.5, 0.5], "texture": "#2"}, "east": {"uv": [0, 0, 0.5, 0.5], "texture": "#2"}, "south": {"uv": [0, 0, 0.5, 0.5], "texture": "#2"}, "west": {"uv": [0, 0, 0.5, 0.5], "texture": "#2"}, "up": {"uv": [0, 0, 0.5, 0.5], "texture": "#2"}, "down": {"uv": [0, 0, 0.5, 0.5], "texture": "#2"}}}, {"name": "Schild19", "from": [10, 8, 7], "to": [11, 9, 8], "faces": {"north": {"uv": [0, 0, 0.5, 0.5], "texture": "#2"}, "east": {"uv": [0, 0, 0.5, 0.5], "texture": "#2"}, "south": {"uv": [0, 0, 0.5, 0.5], "texture": "#2"}, "west": {"uv": [0, 0, 0.5, 0.5], "texture": "#2"}, "up": {"uv": [0, 0, 0.5, 0.5], "texture": "#2"}, "down": {"uv": [0, 0, 0.5, 0.5], "texture": "#2"}}}, {"name": "Schild12", "from": [17, -4, 7], "to": [18, 2, 8], "faces": {"north": {"uv": [0, 0, 0.5, 0.5], "texture": "#2"}, "east": {"uv": [0, 0, 0.5, 0.5], "texture": "#2"}, "south": {"uv": [0, 0, 0.5, 0.5], "texture": "#2"}, "west": {"uv": [0, 0, 0.5, 0.5], "texture": "#2"}, "up": {"uv": [0, 0, 0.5, 0.5], "texture": "#2"}, "down": {"uv": [0, 0, 0.5, 0.5], "texture": "#2"}}}, {"name": "Schild11", "from": [10, -6, 7], "to": [16, -5, 8], "faces": {"north": {"uv": [0, 0, 0.5, 0.5], "texture": "#2"}, "east": {"uv": [0, 0, 0.5, 0.5], "texture": "#2"}, "south": {"uv": [0, 0, 0.5, 0.5], "texture": "#2"}, "west": {"uv": [0, 0, 0.5, 0.5], "texture": "#2"}, "up": {"uv": [0, 0, 0.5, 0.5], "texture": "#2"}, "down": {"uv": [0, 0, 0.5, 0.5], "texture": "#2"}}}, {"name": "Schild4", "from": [1, 3, 5], "to": [16, 4, 7], "faces": {"north": {"uv": [0, 0, 7.5, 0.5], "texture": "#1"}, "east": {"uv": [0, 0, 7.5, 0.5], "texture": "#1"}, "south": {"uv": [0, 0, 7.5, 0.5], "texture": "#2"}, "west": {"uv": [0, 0, 7.5, 0.5], "texture": "#1"}, "up": {"uv": [0, 0, 7.5, 0.5], "texture": "#1"}, "down": {"uv": [0, 0, 7.5, 0.5], "texture": "#1"}}}, {"name": "Schild5", "from": [0, 4, 5], "to": [15, 5, 7], "faces": {"north": {"uv": [0, 0, 7.5, 0.5], "texture": "#1"}, "east": {"uv": [0, 0, 7.5, 0.5], "texture": "#1"}, "south": {"uv": [0, 0, 7.5, 0.5], "texture": "#2"}, "west": {"uv": [0, 0, 7.5, 0.5], "texture": "#1"}, "up": {"uv": [0, 0, 7.5, 0.5], "texture": "#1"}, "down": {"uv": [0, 0, 7.5, 0.5], "texture": "#1"}}}, {"name": "Schild6", "from": [-1, 5, 5], "to": [14, 6, 7], "faces": {"north": {"uv": [0, 0, 7.5, 0.5], "texture": "#1"}, "east": {"uv": [0, 0, 1, 0.5], "texture": "#1"}, "south": {"uv": [0, 0, 7.5, 0.5], "texture": "#2"}, "west": {"uv": [0, 0, 1, 0.5], "texture": "#1"}, "up": {"uv": [0, 0, 7.5, 1], "texture": "#1"}, "down": {"uv": [0, 0, 7.5, 1], "texture": "#1"}}}, {"name": "Schild7", "from": [8, 6, 5], "to": [13, 7, 7], "faces": {"north": {"uv": [0, 0, 2.5, 0.5], "texture": "#1"}, "east": {"uv": [0, 0, 1, 0.5], "texture": "#1"}, "south": {"uv": [0, 0, 2.5, 0.5], "texture": "#2"}, "west": {"uv": [0, 0, 1, 0.5], "texture": "#1"}, "up": {"uv": [0, 0, 2.5, 1], "texture": "#1"}, "down": {"uv": [0, 0, 2.5, 1], "texture": "#1"}}}, {"name": "Schild8", "from": [8, 7, 5], "to": [12, 8, 7], "faces": {"north": {"uv": [0, 0, 2, 0.5], "texture": "#1"}, "east": {"uv": [0, 0, 1, 0.5], "texture": "#1"}, "south": {"uv": [0, 0, 2, 0.5], "texture": "#2"}, "west": {"uv": [0, 0, 1, 0.5], "texture": "#1"}, "up": {"uv": [0, 0, 2, 1], "texture": "#1"}, "down": {"uv": [0, 0, 2, 1], "texture": "#1"}}}, {"name": "Schild9", "from": [8, 9, 5], "to": [10, 10, 7], "faces": {"north": {"uv": [0, 0, 1, 0.5], "texture": "#1"}, "east": {"uv": [0, 0, 1, 0.5], "texture": "#1"}, "south": {"uv": [0, 0, 1, 0.5], "texture": "#2"}, "west": {"uv": [0, 0, 1, 0.5], "texture": "#1"}, "up": {"uv": [0, 0, 1, 1], "texture": "#1"}, "down": {"uv": [0, 0, 1, 1], "texture": "#1"}}}, {"name": "Schild10", "from": [8, 10, 5], "to": [9, 11, 7], "faces": {"north": {"uv": [0, 0, 0.5, 0.5], "texture": "#1"}, "east": {"uv": [0, 0, 0.5, 0.5], "texture": "#1"}, "south": {"uv": [0, 0, 0.5, 0.5], "texture": "#2"}, "west": {"uv": [0, 0, 0.5, 0.5], "texture": "#1"}, "up": {"uv": [0, 0, 0.5, 0.5], "texture": "#1"}, "down": {"uv": [0, 0, 0.5, 0.5], "texture": "#1"}}}, {"name": "Schild11", "from": [-1, 12, 5], "to": [7, 13, 7], "faces": {"north": {"uv": [0, 0, 4, 0.5], "texture": "#1"}, "east": {"uv": [0, 0, 4, 0.5], "texture": "#1"}, "south": {"uv": [0, 0, 4, 0.5], "texture": "#2"}, "west": {"uv": [0, 0, 4, 0.5], "texture": "#1"}, "up": {"uv": [0, 0, 4, 0.5], "texture": "#1"}, "down": {"uv": [0, 0, 4, 0.5], "texture": "#1"}}}, {"name": "Schild12", "from": [0, 13, 5], "to": [6, 14, 7], "faces": {"north": {"uv": [0, 0, 3, 0.5], "texture": "#1"}, "east": {"uv": [0, 0, 3, 0.5], "texture": "#1"}, "south": {"uv": [0, 0, 3, 0.5], "texture": "#2"}, "west": {"uv": [0, 0, 3, 0.5], "texture": "#1"}, "up": {"uv": [0, 0, 3, 0.5], "texture": "#1"}, "down": {"uv": [0, 0, 3, 0.5], "texture": "#1"}}}, {"name": "Schild12", "from": [9, -5, 5], "to": [17, -4, 7], "faces": {"north": {"uv": [0, 0, 4, 0.5], "texture": "#1"}, "east": {"uv": [0, 0, 4, 0.5], "texture": "#1"}, "south": {"uv": [0, 0, 4, 0.5], "texture": "#2"}, "west": {"uv": [0, 0, 4, 0.5], "texture": "#1"}, "up": {"uv": [0, 0, 4, 0.5], "texture": "#1"}, "down": {"uv": [0, 0, 4, 0.5], "texture": "#1"}}}, {"name": "Schild13", "from": [10, -6, 5], "to": [16, -5, 7], "faces": {"north": {"uv": [0, 0, 3, 0.5], "texture": "#1"}, "east": {"uv": [0, 0, 3, 0.5], "texture": "#1"}, "south": {"uv": [0, 0, 3, 0.5], "texture": "#2"}, "west": {"uv": [0, 0, 3, 0.5], "texture": "#1"}, "up": {"uv": [0, 0, 3, 0.5], "texture": "#1"}, "down": {"uv": [0, 0, 3, 0.5], "texture": "#1"}}}, {"name": "Schild10", "from": [8, 8, 5], "to": [11, 9, 7], "faces": {"north": {"uv": [0, 0, 1.5, 0.5], "texture": "#1"}, "east": {"uv": [0, 0, 1, 0.5], "texture": "#1"}, "south": {"uv": [0, 0, 1.5, 0.5], "texture": "#2"}, "west": {"uv": [0, 0, 1, 0.5], "texture": "#1"}, "up": {"uv": [0, 0, 1.5, 1], "texture": "#1"}, "down": {"uv": [0, 0, 1.5, 1], "texture": "#1"}}}, {"name": "Schild2", "from": [-2, 6, 5], "to": [8, 12, 7], "faces": {"north": {"uv": [0, 0, 5, 3], "texture": "#1"}, "east": {"uv": [0, 0, 5, 3], "texture": "#1"}, "south": {"uv": [0, 0, 5, 3], "texture": "#2"}, "west": {"uv": [0, 0, 5, 3], "texture": "#1"}, "up": {"uv": [0, 0, 5, 3], "texture": "#1"}, "down": {"uv": [0, 0, 5, 3], "texture": "#1"}}}, {"name": "mast5", "from": [7, 3, 7], "to": [9, 5, 8], "faces": {"east": {"uv": [0, 0, 1.5, 0.5], "texture": "#0"}, "west": {"uv": [0, 0, 1.5, 0.5], "texture": "#0"}, "up": {"uv": [0, 0, 1, 1.5], "texture": "#0"}, "down": {"uv": [0, 0, 1, 1.5], "texture": "#0"}}}, {"name": "mast6", "from": [0, 6, 7], "to": [7, 10, 9], "faces": {"east": {"uv": [0, 0, 1, 2], "texture": "#0"}, "south": {"uv": [0, 0, 3.5, 2], "texture": "#0"}, "west": {"uv": [0, 0, 1, 2], "texture": "#0"}, "up": {"uv": [0, 0, 3.5, 1], "texture": "#0"}, "down": {"uv": [0, 0, 3.5, 1], "texture": "#0"}}}, {"name": "mast7", "from": [9, -3, 7], "to": [16, 1, 9], "faces": {"east": {"uv": [0, 0, 1, 2], "texture": "#0"}, "south": {"uv": [0, 0, 3.5, 2], "texture": "#0"}, "west": {"uv": [0, 0, 1, 2], "texture": "#0"}, "up": {"uv": [0, 0, 3.5, 1], "texture": "#0"}, "down": {"uv": [0, 0, 3.5, 1], "texture": "#0"}}}, {"name": "mast8", "from": [7, -7, 13], "to": [9, -6, 17], "faces": {"east": {"uv": [0, 0, 2, 0.5], "texture": "#2"}, "south": {"uv": [0, 0, 1, 0.5], "texture": "#2"}, "west": {"uv": [0, 0, 2, 0.5], "texture": "#2"}, "down": {"uv": [0, 0, 1, 2], "texture": "#2"}}}, {"name": "mast9", "from": [4, -6, 13], "to": [12, -5, 20], "faces": {"north": {"uv": [0, 0, 4, 0.5], "texture": "#2"}, "east": {"uv": [0, 0, 3.5, 0.5], "texture": "#2"}, "south": {"uv": [0, 0, 4, 0.5], "texture": "#2"}, "west": {"uv": [0, 0, 3.5, 0.5], "texture": "#2"}, "up": {"uv": [0, 0, 4, 3.5], "texture": "#2"}, "down": {"uv": [0, 0, 4, 3.5], "texture": "#2"}}}, {"name": "mast10", "from": [11, -5, 19], "to": [12, 6, 20], "faces": {"north": {"uv": [0, 0, 0.5, 5.5], "texture": "#2"}, "east": {"uv": [0, 0, 0.5, 5.5], "texture": "#2"}, "south": {"uv": [0, 0, 0.5, 5.5], "texture": "#2"}, "west": {"uv": [0, 0, 0.5, 5.5], "texture": "#2"}}}, {"name": "mast11", "from": [4, -5, 19], "to": [5, 6, 20], "faces": {"north": {"uv": [0, 0, 0.5, 5.5], "texture": "#2"}, "east": {"uv": [0, 0, 0.5, 5.5], "texture": "#2"}, "south": {"uv": [0, 0, 0.5, 5.5], "texture": "#2"}, "west": {"uv": [0, 0, 0.5, 5.5], "texture": "#2"}}}, {"name": "mast12", "from": [2.5, 6, 13], "to": [13.5, 7, 14], "faces": {"north": {"uv": [9.25, 9, 14.75, 9.5], "texture": "#2"}, "east": {"uv": [6.5, 9, 7, 9.5], "texture": "#2"}, "south": {"uv": [1.25, 9, 6.75, 9.5], "texture": "#2"}, "west": {"uv": [9, 9, 9.5, 9.5], "texture": "#2"}, "up": {"uv": [1.25, 9, 6.75, 9.5], "texture": "#2"}, "down": {"uv": [1.25, 6.5, 6.75, 7], "texture": "#2"}}}, {"name": "mast13", "from": [2.5, 6, 19], "to": [13.5, 7, 20], "faces": {"north": {"uv": [9.25, 9, 14.75, 9.5], "texture": "#2"}, "east": {"uv": [6.5, 9, 7, 9.5], "texture": "#2"}, "south": {"uv": [1.25, 9, 6.75, 9.5], "texture": "#2"}, "west": {"uv": [9, 9, 9.5, 9.5], "texture": "#2"}, "up": {"uv": [1.25, 9, 6.75, 9.5], "texture": "#2"}, "down": {"uv": [1.25, 6.5, 6.75, 7], "texture": "#2"}}}, {"name": "mast14", "from": [2.5, 6, 14], "to": [3.5, 7, 19], "faces": {"east": {"uv": [0, 0, 5, 0.5], "texture": "#2"}, "west": {"uv": [0, 0, 5, 0.5], "texture": "#2"}, "up": {"uv": [0, 0, 0.5, 5], "texture": "#2"}, "down": {"uv": [0, 0, 0.5, 5], "texture": "#2"}}}, {"name": "mast15", "from": [12.5, 6, 14], "to": [13.5, 7, 19], "faces": {"east": {"uv": [0, 0, 5, 0.5], "texture": "#2"}, "west": {"uv": [0, 0, 5, 0.5], "texture": "#2"}, "up": {"uv": [0, 0, 0.5, 5], "texture": "#2"}, "down": {"uv": [0, 0, 0.5, 5], "texture": "#2"}}}, {"name": "hood1_1", "from": [8, 7, 4], "to": [9, 9, 5], "faces": {"north": {"uv": [0, 0, 1, 0.5], "texture": "#1"}, "east": {"uv": [0, 0, 1, 0.5], "texture": "#1"}, "south": {"uv": [0, 0, 1, 0.5], "texture": "#1"}, "west": {"uv": [0, 0, 1, 0.5], "texture": "#1"}, "up": {"uv": [0, 0, 1, 0.5], "texture": "#1"}, "down": {"uv": [0, 0, 1, 0.5], "texture": "#1"}}}, {"name": "hood1_2", "from": [7, 9, 3], "to": [8, 10, 5], "faces": {"north": {"uv": [0, 0, 1, 0.5], "texture": "#1"}, "east": {"uv": [0, 0, 1, 0.5], "texture": "#1"}, "south": {"uv": [0, 0, 1, 0.5], "texture": "#1"}, "west": {"uv": [0, 0, 1, 0.5], "texture": "#1"}, "up": {"uv": [0, 0, 1, 0.5], "texture": "#1"}, "down": {"uv": [0, 0, 1, 0.5], "texture": "#1"}}}, {"name": "hood1_3", "from": [1, 10, 1], "to": [7, 11, 5], "faces": {"north": {"uv": [0, 0, 0.5, 0.5], "texture": "#1"}, "east": {"uv": [0, 0, 0.5, 0.5], "texture": "#1"}, "south": {"uv": [0, 0, 0.5, 0.5], "texture": "#1"}, "west": {"uv": [0, 0, 0.5, 0.5], "texture": "#1"}, "up": {"uv": [0, 0, 0.5, 0.5], "texture": "#1"}, "down": {"uv": [0, 0, 0.5, 0.5], "texture": "#1"}}}, {"name": "hood1_4", "from": [0, 9, 3], "to": [1, 10, 5], "faces": {"north": {"uv": [0, 0, 0.5, 0.5], "texture": "#1"}, "east": {"uv": [0, 0, 0.5, 0.5], "texture": "#1"}, "south": {"uv": [0, 0, 0.5, 0.5], "texture": "#1"}, "west": {"uv": [0, 0, 0.5, 0.5], "texture": "#1"}, "up": {"uv": [0, 0, 0.5, 0.5], "texture": "#1"}, "down": {"uv": [0, 0, 0.5, 0.5], "texture": "#1"}}}, {"name": "hood1_5", "from": [-1, 7, 4], "to": [0, 9, 5], "faces": {"north": {"uv": [0, 0, 0.5, 0.5], "texture": "#1"}, "east": {"uv": [0, 0, 0.5, 0.5], "texture": "#1"}, "south": {"uv": [0, 0, 0.5, 0.5], "texture": "#1"}, "west": {"uv": [0, 0, 0.5, 0.5], "texture": "#1"}, "up": {"uv": [0, 0, 0.5, 0.5], "texture": "#1"}, "down": {"uv": [0, 0, 0.5, 0.5], "texture": "#1"}}}, {"name": "hood2_1", "from": [16, -2, 4], "to": [17, 0, 5], "faces": {"north": {"uv": [0, 0, 0.5, 0.5], "texture": "#1"}, "east": {"uv": [0, 0, 0.5, 0.5], "texture": "#1"}, "south": {"uv": [0, 0, 0.5, 0.5], "texture": "#1"}, "west": {"uv": [0, 0, 0.5, 0.5], "texture": "#1"}, "up": {"uv": [0, 0, 0.5, 0.5], "texture": "#1"}, "down": {"uv": [0, 0, 0.5, 0.5], "texture": "#1"}}}, {"name": "hood2_2", "from": [15, 0, 3], "to": [16, 1, 5], "faces": {"north": {"uv": [0, 0, 0.5, 0.5], "texture": "#1"}, "east": {"uv": [0, 0, 0.5, 0.5], "texture": "#1"}, "south": {"uv": [0, 0, 0.5, 0.5], "texture": "#1"}, "west": {"uv": [0, 0, 0.5, 0.5], "texture": "#1"}, "up": {"uv": [0, 0, 0.5, 0.5], "texture": "#1"}, "down": {"uv": [0, 0, 0.5, 0.5], "texture": "#1"}}}, {"name": "hood2_3", "from": [9, 1, 1], "to": [15, 2, 5], "faces": {"north": {"uv": [0, 0, 0.5, 0.5], "texture": "#1"}, "east": {"uv": [0, 0, 0.5, 0.5], "texture": "#1"}, "south": {"uv": [0, 0, 0.5, 0.5], "texture": "#1"}, "west": {"uv": [0, 0, 0.5, 0.5], "texture": "#1"}, "up": {"uv": [0, 0, 0.5, 0.5], "texture": "#1"}, "down": {"uv": [0, 0, 0.5, 0.5], "texture": "#1"}}}, {"name": "hood2_4", "from": [8, 0, 3], "to": [9, 1, 5], "faces": {"north": {"uv": [0, 0, 0.5, 0.5], "texture": "#1"}, "east": {"uv": [0, 0, 0.5, 0.5], "texture": "#1"}, "south": {"uv": [0, 0, 0.5, 0.5], "texture": "#1"}, "west": {"uv": [0, 0, 0.5, 0.5], "texture": "#1"}, "up": {"uv": [0, 0, 0.5, 0.5], "texture": "#1"}, "down": {"uv": [0, 0, 0.5, 0.5], "texture": "#1"}}}, {"name": "hood2_5", "from": [7, -2, 4], "to": [8, 0, 5], "faces": {"north": {"uv": [0, 0, 0.5, 0.5], "texture": "#1"}, "east": {"uv": [0, 0, 0.5, 0.5], "texture": "#1"}, "south": {"uv": [0, 0, 0.5, 0.5], "texture": "#1"}, "west": {"uv": [0, 0, 0.5, 0.5], "texture": "#1"}, "up": {"uv": [0, 0, 0.5, 0.5], "texture": "#1"}, "down": {"uv": [0, 0, 0.5, 0.5], "texture": "#1"}}}, {"name": "lamp_green_1", "from": [0, 6, 4.9], "to": [4, 10, 4.9], "faces": {"north": {"uv": [0, 0, 4, 4], "texture": "#lamp_green_1north"}}}, {"name": "lamp_yellow_1", "from": [4, 6, 4.9], "to": [8, 10, 4.9], "faces": {"north": {"uv": [0, 0, 4, 4], "texture": "#lamp_yellow_1north"}}}, {"name": "lamp_green_2", "from": [8, -3, 4.9], "to": [12, 1, 4.9], "faces": {"north": {"uv": [0, 0, 4, 4], "texture": "#lamp_green_2north"}}}, {"name": "lamp_yellow_2", "from": [12, -3, 4.9], "to": [16, 1, 4.9], "faces": {"north": {"uv": [0, 0, 4, 4], "texture": "#lamp_yellow_2north"}}}], "groups": [{"name": "vr", "origin": [0, 9, 1], "children": [{"name": "shield", "origin": [0, 9, 1], "children": [0, 1, 2, 3, 4, 5, 6, 7, 8, 9, 10, 11, 12, 13, 14, 15, 16, 17, 18, 19, 20, 21, 22, 23, 24, 25, 26, 27, 28, 29, 30, 31, 32, 33, 34, 35, 36, 37, 38, 39, 40, 41, 42, 43, 44, 45, 46, 47]}, {"name": "mast", "origin": [0, 9, 1], "children": [48, 49, 50, 51, 52, 53, 54, 55, 56, 57, 58]}, {"name": "hood1", "origin": [7, 23, 5], "children": [59, 60, 61, 62, 63]}, {"name": "hood2", "origin": [7, 23, 5], "children": [64, 65, 66, 67, 68]}, {"name": "hood3", "origin": [8, 8, 8], "children": []}, {"name": "lamps", "origin": [12, 22, 5], "children": [69, 70, 71, 72]}]}]}