{"credit": "Made with Blockbench by Mc_Jeronimo", "texture_size": [32, 32], "textures": {"1": "girsignals:blocks/default/shield_black", "2": "girsignals:blocks/default/shield_gray", "particle": "girsignals:blocks/default/shield_black", "lamp1north": "girsignals:blocks/lamps/lamp_dark"}, "elements": [{"name": "lamp1", "from": [8.5, 9, 3.9], "to": [10.5, 11, 3.9], "faces": {"north": {"uv": [1, 1, 3, 3], "texture": "#lamp1north"}}}, {"name": "lamp1", "from": [5.5, 9, 3.9], "to": [7.5, 11, 3.9], "faces": {"north": {"uv": [1, 1, 3, 3], "texture": "#lamp1north"}}}, {"name": "lamp1", "from": [7, 12, 3.9], "to": [9, 14, 3.9], "faces": {"north": {"uv": [1, 1, 3, 3], "texture": "#lamp1north"}}}, {"name": "Lampenschirm8_1", "from": [10.5, 10, 2], "to": [11.5, 11, 4], "faces": {"north": {"uv": [0, 0, 0.5, 0.5], "texture": "#1"}, "east": {"uv": [0, 0, 1, 0.5], "texture": "#1"}, "west": {"uv": [0, 0, 1, 0.5], "texture": "#1"}, "up": {"uv": [0, 0, 0.5, 1], "texture": "#1"}, "down": {"uv": [0, 0, 0.5, 1], "texture": "#1"}}}, {"name": "Lampenschirm8_2", "from": [8.5, 11, 1], "to": [10.5, 12, 4], "faces": {"north": {"uv": [0, 0, 1, 0.5], "texture": "#1"}, "east": {"uv": [0, 0, 1.5, 0.5], "texture": "#1"}, "west": {"uv": [0, 0, 1.5, 0.5], "texture": "#1"}, "up": {"uv": [0, 0, 1, 1.5], "texture": "#1"}, "down": {"uv": [0, 0, 1, 1.5], "texture": "#1"}}}, {"name": "Lampenschirm8_3", "from": [7.5, 10, 2], "to": [8.5, 11, 4], "faces": {"north": {"uv": [0, 0, 0.5, 0.5], "texture": "#1"}, "east": {"uv": [0, 0, 1, 0.5], "texture": "#1"}, "west": {"uv": [0, 0, 1, 0.5], "texture": "#1"}, "up": {"uv": [0, 0, 0.5, 1], "texture": "#1"}, "down": {"uv": [0, 0, 0.5, 1], "texture": "#1"}}}, {"name": "Lampenschirm9_1", "from": [5.5, 11, 1], "to": [7.5, 12, 4], "faces": {"north": {"uv": [0, 0, 1, 0.5], "texture": "#1"}, "east": {"uv": [0, 0, 1.5, 0.5], "texture": "#1"}, "west": {"uv": [0, 0, 1.5, 0.5], "texture": "#1"}, "up": {"uv": [0, 0, 1, 1.5], "texture": "#1"}, "down": {"uv": [0, 0, 1, 1.5], "texture": "#1"}}}, {"name": "Lampenschirm9_2", "from": [4.5, 10, 2], "to": [5.5, 11, 4], "faces": {"north": {"uv": [0, 0, 0.5, 0.5], "texture": "#1"}, "east": {"uv": [0, 0, 1, 0.5], "texture": "#1"}, "west": {"uv": [0, 0, 1, 0.5], "texture": "#1"}, "up": {"uv": [0, 0, 0.5, 1], "texture": "#1"}, "down": {"uv": [0, 0, 0.5, 1], "texture": "#1"}}}, {"name": "Lampenschirm10_1", "from": [6, 13, 2], "to": [7, 14, 4], "faces": {"north": {"uv": [0, 0, 0.5, 0.5], "texture": "#1"}, "east": {"uv": [0, 0, 1, 0.5], "texture": "#1"}, "west": {"uv": [0, 0, 1, 0.5], "texture": "#1"}, "up": {"uv": [0, 0, 0.5, 1], "texture": "#1"}, "down": {"uv": [0, 0, 0.5, 1], "texture": "#1"}}}, {"name": "Lampenschirm10_2", "from": [7, 14, 1], "to": [9, 15, 4], "faces": {"north": {"uv": [0, 0, 1, 0.5], "texture": "#1"}, "east": {"uv": [0, 0, 1.5, 0.5], "texture": "#1"}, "west": {"uv": [0, 0, 1.5, 0.5], "texture": "#1"}, "up": {"uv": [0, 0, 1, 1.5], "texture": "#1"}, "down": {"uv": [0, 0, 1, 1.5], "texture": "#1"}}}, {"name": "Lampenschirm10_3", "from": [9, 13, 2], "to": [10, 14, 4], "faces": {"north": {"uv": [0, 0, 0.5, 0.5], "texture": "#1"}, "east": {"uv": [0, 0, 1, 0.5], "texture": "#1"}, "west": {"uv": [0, 0, 1, 0.5], "texture": "#1"}, "up": {"uv": [0, 0, 0.5, 1], "texture": "#1"}, "down": {"uv": [0, 0, 0.5, 1], "texture": "#1"}}}, {"name": "shield1", "from": [4.5, 9, 4], "to": [11.5, 15, 8], "faces": {"north": {"uv": [0, 0, 3.5, 3], "texture": "#1"}, "east": {"uv": [0, 0, 2, 3], "texture": "#1"}, "south": {"uv": [0, 0, 3.5, 3], "texture": "#1"}, "west": {"uv": [0, 0, 16, 16], "texture": "#1"}, "up": {"uv": [0, 0, 3.5, 2], "texture": "#1"}, "down": {"uv": [0, 0, 3.5, 2], "texture": "#1"}}}, {"name": "shield2", "from": [2.5, 8, 7], "to": [3.5, 16, 8], "faces": {"north": {"uv": [0, 0, 0.5, 4], "texture": "#2"}, "east": {"uv": [0, 0, 0.5, 4], "texture": "#2"}, "south": {"uv": [0, 0, 0.5, 4], "texture": "#2"}, "west": {"uv": [0, 0, 16, 16], "texture": "#2"}, "up": {"uv": [0, 0, 0.5, 0.5], "texture": "#2"}, "down": {"uv": [0, 0, 0.5, 0.5], "texture": "#2"}}}, {"name": "shield3", "from": [3.5, 8, 7], "to": [12.5, 9, 8], "faces": {"north": {"uv": [0, 0, 4.5, 0.5], "texture": "#2"}, "south": {"uv": [0, 0, 4.5, 0.5], "texture": "#2"}, "up": {"uv": [0, 0, 4.5, 0.5], "texture": "#2"}, "down": {"uv": [0, 0, 4.5, 0.5], "texture": "#2"}}}, {"name": "shield4", "from": [12.5, 8, 7], "to": [13.5, 16, 8], "faces": {"north": {"uv": [0, 0, 0.5, 4], "texture": "#2"}, "east": {"uv": [0, 0, 0.5, 4], "texture": "#2"}, "south": {"uv": [0, 0, 0.5, 4], "texture": "#2"}, "west": {"uv": [0, 0, 16, 16], "texture": "#2"}, "up": {"uv": [0, 0, 0.5, 0.5], "texture": "#2"}, "down": {"uv": [0, 0, 0.5, 0.5], "texture": "#2"}}}], "groups": [{"name": "ZS1", "origin": [-25, 16, 2], "color": 0, "children": [{"name": "lamps", "origin": [-6, 39, 5], "color": 0, "children": [0, 1, 2]}, {"name": "hood1", "origin": [-11, 40, 5], "color": 0, "children": [3, 4, 5]}, {"name": "hood2", "origin": [-11, 40, 5], "color": 0, "children": [6, 7]}, {"name": "hood3", "origin": [-11, 40, 5], "color": 0, "children": [8, 9, 10]}, {"name": "shield", "origin": [-12, 26, 2], "color": 0, "children": [11, 12, 13, 14]}]}]}