{"credit": "Made with Blockbench by Mc_Jeronimo", "texture_size": [32, 32], "textures": {"1": "girsignals:blocks/default/shield_black", "7": "girsignals:blocks/zs3/off", "particle": "girsignals:blocks/default/mast", "overlay": "girsignals:blocks/zs3/z10"}, "elements": [{"name": "signal", "from": [5.5, 0, 4.9], "to": [10.5, 7, 4.9], "faces": {"north": {"uv": [0, 0, 5, 7], "texture": "#7"}}}, {"from": [5.5, 0, 4.9], "to": [10.5, 7, 4.9], "faces": {"north": {"uv": [0, 0, 5, 7], "texture": "#overlay", "tintindex": 0}}}, {"name": "hood1", "from": [4, 0, 5], "to": [12, 8, 8], "faces": {"north": {"uv": [0, 0, 10, 14], "texture": "#1"}, "east": {"uv": [0, 0, 1.5, 4], "texture": "#1"}, "south": {"uv": [0, 0, 4, 4], "texture": "#1"}, "west": {"uv": [0, 0, 1.5, 4], "texture": "#1"}, "up": {"uv": [0, 0, 4, 1.5], "texture": "#1"}, "down": {"uv": [0, 0, 4, 1.5], "texture": "#1"}}}, {"name": "hood2", "from": [4.5, 0, 3], "to": [5.5, 7, 5], "faces": {"north": {"uv": [0, 0, 10, 14], "texture": "#1"}, "east": {"uv": [0, 0, 1, 3.5], "texture": "#1"}, "west": {"uv": [0, 0, 1, 3.5], "texture": "#1"}, "up": {"uv": [0, 0, 0, 0], "texture": "#1"}, "down": {"uv": [0, 0, 0.5, 1], "texture": "#1"}}}, {"name": "hood3", "from": [10.5, 0, 3], "to": [11.5, 7, 5], "faces": {"north": {"uv": [0, 0, 10, 14], "texture": "#1"}, "east": {"uv": [0, 0, 1, 3.5], "texture": "#1"}, "west": {"uv": [0, 0, 1, 3.5], "texture": "#1"}, "down": {"uv": [0, 0, 0.5, 1], "texture": "#1"}}}, {"name": "hood4", "from": [4.5, 7, 3], "to": [11.5, 8, 5], "faces": {"north": {"uv": [0, 0, 10, 14], "texture": "#1"}, "east": {"uv": [0, 0, 1, 0.5], "texture": "#1"}, "west": {"uv": [0, 0, 1, 0.5], "texture": "#1"}, "up": {"uv": [0, 0, 3.5, 1], "texture": "#1"}, "down": {"uv": [0, 0, 3.5, 1], "texture": "#1"}}}], "groups": [{"name": "ZS3", "origin": [-2, 25, 38], "children": [{"name": "signal", "origin": [-2, 25, 38], "children": [0]}, {"name": "hood", "origin": [-2, 25, 38], "children": [1, 2, 3, 4]}]}]}