{"credit": "Made with Blockbench by Mc_Jeronimo", "texture_size": [32, 32], "textures": {"0": "girsignals:blocks/default/shield_gray", "1": "girsignals:blocks/default/shield_black", "2": "girsignals:blocks/el/el6", "particle": "girsignals:blocks/default/shield_gray"}, "elements": [{"name": "mast", "from": [7, 0, 7], "to": [9, 14, 9], "faces": {"north": {"uv": [0, 0, 1, 7], "texture": "#0"}, "east": {"uv": [0, 0, 1, 7], "texture": "#0"}, "south": {"uv": [0, 0, 1, 7], "texture": "#0"}, "west": {"uv": [0, 0, 1, 7], "texture": "#0"}, "up": {"uv": [0, 0, 1, 1], "texture": "#0"}, "down": {"uv": [0, 0, 1, 1], "texture": "#0"}}}, {"from": [3, 11, 6], "to": [13, 12, 7], "faces": {"north": {"uv": [0, 4.5, 10, 5.5], "texture": "#2"}, "east": {"uv": [0, 0, 1, 1], "texture": "#1"}, "south": {"uv": [0, 0, 10, 1], "texture": "#1"}, "west": {"uv": [0, 0, 1, 1], "texture": "#1"}, "up": {"uv": [0, 0, 10, 1], "texture": "#1"}, "down": {"uv": [0, 0, 10, 1], "texture": "#1"}}}, {"from": [4, 12, 6], "to": [12, 13, 7], "faces": {"north": {"uv": [1, 3.5, 9, 4.5], "texture": "#2"}, "east": {"uv": [0, 0, 1, 1], "texture": "#1"}, "south": {"uv": [0, 0, 8, 1], "texture": "#1"}, "west": {"uv": [0, 0, 1, 1], "texture": "#1"}, "up": {"uv": [0, 0, 8, 1], "texture": "#1"}}}, {"from": [5, 13, 6], "to": [11, 14, 7], "faces": {"north": {"uv": [2, 2.5, 8, 3.5], "texture": "#2"}, "east": {"uv": [0, 0, 1, 1], "texture": "#1"}, "south": {"uv": [0, 0, 6, 1], "texture": "#1"}, "west": {"uv": [0, 0, 1, 1], "texture": "#1"}, "up": {"uv": [0, 0, 6, 1], "texture": "#1"}}}, {"from": [6, 14, 6], "to": [10, 15, 7], "faces": {"north": {"uv": [3, 1.5, 7, 2.5], "texture": "#2"}, "east": {"uv": [0, 0, 1, 1], "texture": "#1"}, "south": {"uv": [0, 0, 4, 1], "texture": "#1"}, "west": {"uv": [0, 0, 1, 1], "texture": "#1"}, "up": {"uv": [0, 0, 4, 1], "texture": "#1"}}}, {"from": [7, 15, 6], "to": [9, 16, 7], "faces": {"north": {"uv": [4, 0.5, 6, 1.5], "texture": "#2"}, "east": {"uv": [0, 0, 1, 1], "texture": "#1"}, "south": {"uv": [0, 0, 2, 1], "texture": "#1"}, "west": {"uv": [0, 0, 1, 1], "texture": "#1"}, "up": {"uv": [0, 0, 2, 1], "texture": "#1"}}}, {"from": [7.5, 16, 6], "to": [8.5, 16.5, 7], "faces": {"north": {"uv": [4.5, 0, 5.5, 0.5], "texture": "#2"}, "east": {"uv": [0, 0, 1, 0.5], "texture": "#1"}, "south": {"uv": [0, 0, 1, 0.5], "texture": "#1"}, "west": {"uv": [0, 0, 1, 0.5], "texture": "#1"}, "up": {"uv": [0, 0, 1, 1], "texture": "#1"}}}, {"from": [7.5, 6.5, 6], "to": [8.5, 7, 7], "faces": {"north": {"uv": [4.5, 9.5, 5.5, 10], "texture": "#2"}, "east": {"uv": [0, 0, 1, 0.5], "texture": "#1"}, "west": {"uv": [0, 0, 1, 0.5], "texture": "#1"}, "down": {"uv": [0, 0, 1, 1], "texture": "#1"}}}, {"from": [3.5, 10.5, 6], "to": [4, 11, 7], "faces": {"north": {"uv": [9, 5.5, 9.5, 6], "texture": "#2"}, "south": {"uv": [0, 0, 0.5, 0.5], "texture": "#1"}, "west": {"uv": [0, 0, 1, 0.5], "texture": "#1"}, "down": {"uv": [0, 0, 0.5, 1], "texture": "#1"}}}, {"from": [4.5, 9.5, 6], "to": [5, 10, 7], "faces": {"north": {"uv": [8, 6.5, 8.5, 7], "texture": "#2"}, "south": {"uv": [0, 0, 0.5, 0.5], "texture": "#1"}, "west": {"uv": [0, 0, 1, 0.5], "texture": "#1"}, "down": {"uv": [0, 0, 0.5, 1], "texture": "#1"}}}, {"from": [5.5, 8.5, 6], "to": [6, 9, 7], "faces": {"north": {"uv": [7, 7.5, 7.5, 8], "texture": "#2"}, "south": {"uv": [0, 0, 0.5, 0.5], "texture": "#1"}, "west": {"uv": [0, 0, 1, 0.5], "texture": "#1"}, "down": {"uv": [0, 0, 0.5, 1], "texture": "#1"}}}, {"from": [6.5, 7.5, 6], "to": [7, 8, 7], "faces": {"north": {"uv": [6, 8.5, 6.5, 9], "texture": "#2"}, "south": {"uv": [0, 0, 0.5, 0.5], "texture": "#1"}, "west": {"uv": [0, 0, 1, 0.5], "texture": "#1"}, "down": {"uv": [0, 0, 0.5, 1], "texture": "#1"}}}, {"from": [3.5, 12, 6], "to": [4, 12.5, 7], "faces": {"north": {"uv": [9, 4, 9.5, 4.5], "texture": "#2"}, "south": {"uv": [0, 0, 0.5, 0.5], "texture": "#1"}, "west": {"uv": [0, 0, 1, 0.5], "texture": "#1"}, "up": {"uv": [0, 0, 0.5, 1], "texture": "#1"}}}, {"from": [4.5, 13, 6], "to": [5, 13.5, 7], "faces": {"north": {"uv": [8, 3, 8.5, 3.5], "texture": "#2"}, "south": {"uv": [0, 0, 0.5, 0.5], "texture": "#1"}, "west": {"uv": [0, 0, 1, 0.5], "texture": "#1"}, "up": {"uv": [0, 0, 0.5, 1], "texture": "#1"}}}, {"from": [5.5, 14, 6], "to": [6, 14.5, 7], "faces": {"north": {"uv": [7, 2, 7.5, 2.5], "texture": "#2"}, "south": {"uv": [0, 0, 0.5, 0.5], "texture": "#1"}, "west": {"uv": [0, 0, 1, 0.5], "texture": "#1"}, "up": {"uv": [0, 0, 0.5, 1], "texture": "#1"}}}, {"from": [6.5, 15, 6], "to": [7, 15.5, 7], "faces": {"north": {"uv": [6, 1, 6.5, 1.5], "texture": "#2"}, "south": {"uv": [0, 0, 0.5, 0.5], "texture": "#1"}, "west": {"uv": [0, 0, 1, 0.5], "texture": "#1"}, "up": {"uv": [0, 0, 0.5, 1], "texture": "#1"}}}, {"from": [9, 15, 6], "to": [9.5, 15.5, 7], "faces": {"north": {"uv": [3.5, 1, 4, 1.5], "texture": "#2"}, "east": {"uv": [0, 0, 1, 0.5], "texture": "#1"}, "south": {"uv": [0, 0, 0.5, 0.5], "texture": "#1"}, "up": {"uv": [0, 0, 0.5, 1], "texture": "#1"}}}, {"from": [10, 14, 6], "to": [10.5, 14.5, 7], "faces": {"north": {"uv": [2.5, 2, 3, 2.5], "texture": "#2"}, "east": {"uv": [0, 0, 1, 0.5], "texture": "#1"}, "south": {"uv": [0, 0, 0.5, 0.5], "texture": "#1"}, "up": {"uv": [0, 0, 0.5, 1], "texture": "#1"}}}, {"from": [11, 13, 6], "to": [11.5, 13.5, 7], "faces": {"north": {"uv": [1.5, 3, 2, 3.5], "texture": "#2"}, "east": {"uv": [0, 0, 1, 0.5], "texture": "#1"}, "south": {"uv": [0, 0, 0.5, 0.5], "texture": "#1"}, "up": {"uv": [0, 0, 0.5, 1], "texture": "#1"}}}, {"from": [12, 12, 6], "to": [12.5, 12.5, 7], "faces": {"north": {"uv": [0.5, 4, 1, 4.5], "texture": "#2"}, "east": {"uv": [0, 0, 1, 0.5], "texture": "#1"}, "south": {"uv": [0, 0, 0.5, 0.5], "texture": "#1"}, "up": {"uv": [0, 0, 0.5, 1], "texture": "#1"}}}, {"from": [12, 10.5, 6], "to": [12.5, 11, 7], "faces": {"north": {"uv": [0.5, 5.5, 1, 6], "texture": "#2"}, "east": {"uv": [0, 0, 1, 0.5], "texture": "#1"}, "south": {"uv": [0, 0, 0.5, 0.5], "texture": "#1"}, "down": {"uv": [0, 0, 0.5, 1], "texture": "#1"}}}, {"from": [11, 9.5, 6], "to": [11.5, 10, 7], "faces": {"north": {"uv": [1.5, 6.5, 2, 7], "texture": "#2"}, "east": {"uv": [0, 0, 1, 0.5], "texture": "#1"}, "south": {"uv": [0, 0, 0.5, 0.5], "texture": "#1"}, "down": {"uv": [0, 0, 0.5, 1], "texture": "#1"}}}, {"from": [10, 8.5, 6], "to": [10.5, 9, 7], "faces": {"north": {"uv": [2.5, 7.5, 3, 8], "texture": "#2"}, "east": {"uv": [0, 0, 1, 0.5], "texture": "#1"}, "south": {"uv": [0, 0, 0.5, 0.5], "texture": "#1"}, "down": {"uv": [0, 0, 0.5, 1], "texture": "#1"}}}, {"from": [9, 7.5, 6], "to": [9.5, 8, 7], "faces": {"north": {"uv": [3.5, 8.5, 4, 9], "texture": "#2"}, "east": {"uv": [0, 0, 1, 0.5], "texture": "#1"}, "south": {"uv": [0, 0, 0.5, 0.5], "texture": "#1"}, "down": {"uv": [0, 0, 0.5, 1], "texture": "#1"}}}, {"from": [7, 7, 6], "to": [9, 8, 7], "faces": {"north": {"uv": [4, 8.5, 6, 9.5], "texture": "#2"}, "east": {"uv": [0, 0, 1, 1], "texture": "#1"}, "west": {"uv": [0, 0, 1, 1], "texture": "#1"}, "down": {"uv": [0, 0, 2, 1], "texture": "#1"}}}, {"from": [6, 8, 6], "to": [10, 9, 7], "faces": {"north": {"uv": [3, 7.5, 7, 8.5], "texture": "#2"}, "east": {"uv": [0, 0, 1, 1], "texture": "#1"}, "south": {"uv": [0, 0, 4, 1], "texture": "#1"}, "west": {"uv": [0, 0, 1, 1], "texture": "#1"}, "down": {"uv": [0, 0, 4, 1], "texture": "#1"}}}, {"from": [5, 9, 6], "to": [11, 10, 7], "faces": {"north": {"uv": [2, 6.5, 8, 7.5], "texture": "#2"}, "east": {"uv": [0, 0, 1, 1], "texture": "#1"}, "south": {"uv": [0, 0, 6, 1], "texture": "#1"}, "west": {"uv": [0, 0, 1, 1], "texture": "#1"}, "down": {"uv": [0, 0, 6, 1], "texture": "#1"}}}, {"from": [4, 10, 6], "to": [12, 11, 7], "faces": {"north": {"uv": [1, 5.5, 9, 6.5], "texture": "#2"}, "east": {"uv": [0, 0, 1, 1], "texture": "#1"}, "south": {"uv": [0, 0, 8, 1], "texture": "#1"}, "west": {"uv": [0, 0, 1, 1], "texture": "#1"}, "down": {"uv": [0, 0, 8, 1], "texture": "#1"}}}], "groups": [0, {"name": "sign", "origin": [8, 8, 8], "children": [{"name": "sign", "origin": [8, 8, 8], "children": []}, 1, 2, 3, 4, 5, 6, 7, 8, 9, 10, 11, 12, 13, 14, 15, 16, 17, 18, 19, 20, 21, 22, 23, 24, 25, 26, 27]}]}