{"credit": "Made with Blockbench by Mc_Jeronimo", "textures": {"1": "girsignals:blocks/default/shield_black", "2": "girsignals:blocks/el/el_arrow_up", "particle": "girsignals:blocks/default/shield_black"}, "elements": [{"from": [7.5, 6.5, 6], "to": [8.5, 7, 7], "faces": {"north": {"uv": [1, 0, 3, 1], "texture": "#2"}, "east": {"uv": [0, 0, 1, 0.5], "texture": "#1"}, "south": {"uv": [0, 0, 1, 0.5], "texture": "#1"}, "west": {"uv": [0, 0, 1, 0.5], "texture": "#1"}, "up": {"uv": [0, 0, 1, 1], "texture": "#1"}, "down": {"uv": [0, 0, 1, 1], "texture": "#1"}}}, {"from": [7, 0.5, 6], "to": [9, 6.5, 7], "faces": {"north": {"uv": [0, 1, 4, 13], "texture": "#2"}, "east": {"uv": [0, 0, 1, 6], "texture": "#1"}, "south": {"uv": [0, 0, 2, 6], "texture": "#1"}, "west": {"uv": [0, 0, 1, 6], "texture": "#1"}, "up": {"uv": [0, 0, 2, 1], "texture": "#1"}, "down": {"uv": [0, 0, 2, 1], "texture": "#1"}}}]}