{"credit": "Made with Blockbench by Mc_Jeronimo", "textures": {"1": "girsignals:blocks/shield_black", "2": "girsignals:blocks/el_arrow_lr", "particle": "girsignals:blocks/shield_black"}, "elements": [{"from": [5, -1, 6], "to": [11, 1, 7], "faces": {"north": {"uv": [0, 0, 6, 2], "texture": "#2"}, "east": {"uv": [0, 0, 1, 1], "texture": "#1"}, "south": {"uv": [0, 0, 6, 1], "texture": "#1"}, "west": {"uv": [0, 0, 1, 1], "texture": "#1"}, "up": {"uv": [0, 0, 6, 1], "texture": "#1"}, "down": {"uv": [0, 0, 6, 1], "texture": "#1"}}}]}