{"credit": "Made with Blockbench by Mc_Jeronimo", "textures": {"1": "girsignals:blocks/default/shield_black", "2": "girsignals:blocks/el/el_arrow_l", "particle": "girsignals:blocks/default/shield_black"}, "elements": [{"from": [11, 1, 6], "to": [11.5, 2, 7], "faces": {"north": {"uv": [0, 1, 1, 3], "texture": "#2"}, "east": {"uv": [0, 0, 1, 1], "texture": "#1"}, "south": {"uv": [0, 0, 6, 1], "texture": "#1"}, "west": {"uv": [0, 0, 1, 1], "texture": "#1"}, "up": {"uv": [0, 0, 6, 1], "texture": "#1"}, "down": {"uv": [0, 0, 6, 1], "texture": "#1"}}}, {"from": [5, 0.5, 6], "to": [11, 2.5, 7], "faces": {"north": {"uv": [1, 0, 13, 4], "texture": "#2"}, "east": {"uv": [0, 0, 1, 1], "texture": "#1"}, "south": {"uv": [0, 0, 6, 1], "texture": "#1"}, "west": {"uv": [0, 0, 1, 1], "texture": "#1"}, "up": {"uv": [0, 0, 6, 1], "texture": "#1"}, "down": {"uv": [0, 0, 6, 1], "texture": "#1"}}}]}