{"credit": "Made with Blockbench by Mc_Jeronimo", "textures": {"0": "girsignals:blocks/default/shield_gray", "1": "girsignals:blocks/default/shield_black", "2": "girsignals:blocks/bue/bue5", "particle": "girsignals:blocks/default/shield_gray"}, "elements": [{"from": [7, 0, 7], "to": [9, 12, 9], "faces": {"north": {"uv": [0, 0, 2, 5], "texture": "#0"}, "east": {"uv": [0, 0, 2, 5], "texture": "#0"}, "south": {"uv": [0, 0, 2, 5], "texture": "#0"}, "west": {"uv": [0, 0, 2, 5], "texture": "#0"}, "up": {"uv": [0, 0, 2, 2], "texture": "#0"}, "down": {"uv": [0, 0, 2, 2], "texture": "#0"}}}, {"name": "sign", "from": [3, 4, 6], "to": [13, 18, 7], "faces": {"north": {"uv": [0, 0, 10, 14], "texture": "#2"}, "east": {"uv": [0, 0, 9, 1.5], "texture": "#1"}, "south": {"uv": [0, 0, 9, 1.5], "texture": "#1"}, "west": {"uv": [0, 0, 9, 1.5], "texture": "#1"}, "up": {"uv": [0, 0, 9, 1.5], "texture": "#1"}, "down": {"uv": [0, 0, 9, 1.5], "texture": "#1"}}}], "groups": [0, {"name": "sign", "origin": [8, 8, 8], "children": [1]}]}