{"credit": "Made with Blockbench by Mc_Jeronimo", "textures": {"0": "girsignals:blocks/default/shield_gray", "1": "girsignals:blocks/default/shield_black", "2": "girsignals:blocks/default/controlbox", "particle": "girsignals:blocks/default/shield_gray"}, "elements": [{"name": "mast4", "from": [7, 2, 7], "to": [9, 16, 9], "rotation": {"angle": 0, "axis": "y", "origin": [8, 8, 8]}, "faces": {"north": {"uv": [0, 0, 2, 14], "texture": "#0"}, "east": {"uv": [0, 0, 2, 14], "texture": "#0"}, "south": {"uv": [0, 0, 2, 14], "texture": "#0"}, "west": {"uv": [0, 0, 2, 14], "texture": "#0"}, "up": {"uv": [0, 0, 4, 16], "texture": "#0"}, "down": {"uv": [0, 0, 4, 16], "texture": "#0"}}}, {"name": "mast5", "from": [5, 0, 4], "to": [11, 2, 12], "rotation": {"angle": 0, "axis": "y", "origin": [8, 8, 8]}, "faces": {"north": {"uv": [0, 0, 6, 2], "texture": "#2"}, "east": {"uv": [0, 0, 6, 2], "texture": "#2"}, "south": {"uv": [0, 0, 6, 2], "texture": "#2"}, "west": {"uv": [0, 0, 6, 2], "texture": "#2"}, "up": {"uv": [0, 0, 6, 2], "texture": "#2"}, "down": {"uv": [0, 0, 6, 2], "texture": "#2"}}}, {"name": "controller", "from": [4, 4, 9], "to": [12, 16, 13], "rotation": {"angle": 0, "axis": "y", "origin": [8, 8, 8]}, "faces": {"north": {"uv": [0, 0, 8, 12], "texture": "#1"}, "east": {"uv": [0, 0, 4, 12], "texture": "#1"}, "south": {"uv": [0, 0, 8, 12], "texture": "#1"}, "west": {"uv": [0, 0, 4, 12], "texture": "#1"}, "up": {"uv": [0, 0, 8, 4], "texture": "#1"}, "down": {"uv": [0, 0, 8, 4], "texture": "#1"}}}], "groups": [{"name": "base", "origin": [0, 0, -3], "children": [0, 1, 2]}]}