{"credit": "Made with Blockbench by Mc_Jeronimo", "textures": {"0": "girsignals:blocks/default/shield_gray", "1": "girsignals:blocks/default/shield_black", "6": "girsignals:blocks/bue/bue_shield", "7": "girsignals:blocks/lamps/lamp_dark", "particle": "girsignals:blocks/default/shield_gray"}, "elements": [{"from": [7, 0, 7], "to": [9, 4, 9], "rotation": {"angle": 0, "axis": "y", "origin": [8, 8, 8]}, "faces": {"north": {"uv": [0, 0, 2, 4], "texture": "#0"}, "east": {"uv": [0, 0, 2, 4], "texture": "#0"}, "south": {"uv": [0, 0, 2, 4], "texture": "#0"}, "west": {"uv": [0, 0, 2, 4], "texture": "#0"}, "up": {"uv": [0, 0, 2, 2], "texture": "#0"}, "down": {"uv": [0, 0, 2, 2], "texture": "#0"}}}, {"from": [5, 4, 7], "to": [11, 8, 9], "rotation": {"angle": 0, "axis": "y", "origin": [8, 8, 8]}, "faces": {"north": {"uv": [0, 0, 2, 4], "texture": "#0"}, "east": {"uv": [0, 0, 2, 4], "texture": "#0"}, "south": {"uv": [0, 0, 2, 4], "texture": "#0"}, "west": {"uv": [0, 0, 2, 4], "texture": "#0"}, "up": {"uv": [0, 0, 2, 2], "texture": "#0"}, "down": {"uv": [0, 0, 2, 2], "texture": "#0"}}}, {"name": "shield", "from": [3, 4, 6], "to": [13, 24, 7], "rotation": {"angle": 0, "axis": "y", "origin": [8, 8, 8]}, "faces": {"north": {"uv": [0, 0, 7.5, 15], "texture": "#6"}, "east": {"uv": [0, 0, 1, 16], "texture": "#1"}, "south": {"uv": [0, 0, 10, 16], "texture": "#1"}, "west": {"uv": [0, 0, 1, 16], "texture": "#1"}, "up": {"uv": [0, 0, 10, 1], "texture": "#1"}, "down": {"uv": [0, 0, 10, 1], "texture": "#1"}}}, {"name": "hoods1_1", "from": [10, 17, 5], "to": [11, 19, 6], "rotation": {"angle": 0, "axis": "y", "origin": [8, 8, 8]}, "faces": {"north": {"uv": [0, 0, 1, 2], "texture": "#1"}, "east": {"uv": [0, 0, 1, 2], "texture": "#1"}, "west": {"uv": [0, 0, 1, 2], "texture": "#1"}, "up": {"uv": [0, 0, 1, 1], "texture": "#1"}, "down": {"uv": [0, 0, 1, 1], "texture": "#1"}}}, {"name": "hoods1_2", "from": [9, 19, 4], "to": [10, 20, 6], "rotation": {"angle": 0, "axis": "y", "origin": [8, 8, 8]}, "faces": {"north": {"uv": [0, 0, 1, 1], "texture": "#1"}, "east": {"uv": [0, 0, 2, 1], "texture": "#1"}, "west": {"uv": [0, 0, 2, 1], "texture": "#1"}, "up": {"uv": [0, 0, 1, 2], "texture": "#1"}, "down": {"uv": [0, 0, 1, 2], "texture": "#1"}}}, {"name": "hoods1_2", "from": [7, 20, 3], "to": [9, 21, 7], "rotation": {"angle": 0, "axis": "y", "origin": [8, 8, 8]}, "faces": {"north": {"uv": [0, 0, 1, 1], "texture": "#1"}, "east": {"uv": [0, 0, 2, 1], "texture": "#1"}, "west": {"uv": [0, 0, 2, 1], "texture": "#1"}, "up": {"uv": [0, 0, 2, 1], "texture": "#1"}, "down": {"uv": [0, 0, 2, 1], "texture": "#1"}}}, {"name": "hoods1_3", "from": [6, 19, 4], "to": [7, 20, 6], "rotation": {"angle": 0, "axis": "y", "origin": [8, 8, 8]}, "faces": {"north": {"uv": [0, 0, 1, 1], "texture": "#1"}, "east": {"uv": [0, 0, 2, 1], "texture": "#1"}, "west": {"uv": [0, 0, 2, 1], "texture": "#1"}, "up": {"uv": [0, 0, 1, 2], "texture": "#1"}, "down": {"uv": [0, 0, 1, 2], "texture": "#1"}}}, {"name": "hoods1_4", "from": [5, 17, 5], "to": [6, 19, 6], "rotation": {"angle": 0, "axis": "y", "origin": [8, 8, 8]}, "faces": {"north": {"uv": [0, 0, 1, 2], "texture": "#1"}, "east": {"uv": [0, 0, 1, 2], "texture": "#1"}, "west": {"uv": [0, 0, 1, 2], "texture": "#1"}, "up": {"uv": [0, 0, 1, 1], "texture": "#1"}, "down": {"uv": [0, 0, 1, 1], "texture": "#1"}}}, {"name": "lamp_white", "from": [6, 16, 5.9], "to": [10, 20, 5.9], "rotation": {"angle": 0, "axis": "y", "origin": [8, 8, 8]}, "faces": {"north": {"uv": [0, 0, 4, 4], "texture": "#7"}}}], "groups": [{"name": "mast3", "origin": [9, -48, -11], "children": [0, 1, 2, {"name": "hoods1", "origin": [8, -18, -34], "children": [3, 4, 5, 6, 7]}, 8]}]}