{"credit": "Made with Blockbench by Mc_Jeronimo", "textures": {"1": "girsignals:blocks/default/shield_black", "5": "girsignals:blocks/ne/ne2_4", "particle": "girsignals:blocks/default/shield_gray"}, "elements": [{"name": "ne2_4", "from": [3, -3, 6], "to": [13, 7, 7], "rotation": {"angle": 0, "axis": "y", "origin": [8, 8, 8]}, "faces": {"north": {"uv": [0, 0, 10, 10], "texture": "#5"}, "east": {"uv": [0, 0, 1, 14], "texture": "#1"}, "south": {"uv": [0, 0, 10, 14], "texture": "#1"}, "west": {"uv": [0, 0, 1, 14], "texture": "#1"}, "up": {"uv": [0, 0, 10, 1], "texture": "#1"}, "down": {"uv": [0, 0, 10, 1], "texture": "#1"}}}], "groups": [{"name": "ne2_4", "origin": [-5, -11, -1], "children": [0]}]}