{"credit": "Made with Blockbench by Mc_Jeronimo", "textures": {"1": "girsignals:blocks/default/shield_black", "4": "girsignals:blocks/ne/ne2_2", "particle": "girsignals:blocks/default/shield_gray"}, "elements": [{"name": "ne2_2", "from": [3.5, 5, 6], "to": [12.5, 6, 7], "rotation": {"angle": 0, "axis": "y", "origin": [8, 8, 8]}, "faces": {"north": {"uv": [0, 0, 9, 1], "texture": "#4"}, "east": {"uv": [0, 0, 1, 1], "texture": "#1"}, "south": {"uv": [0, 0, 9, 1], "texture": "#1"}, "west": {"uv": [0, 0, 1, 1], "texture": "#1"}, "up": {"uv": [0, 0, 9, 1], "texture": "#1"}, "down": {"uv": [0, 0, 9, 1], "texture": "#1"}}}, {"name": "ne2_2", "from": [4.5, 4, 6], "to": [11.5, 5, 7], "rotation": {"angle": 0, "axis": "y", "origin": [8, 8, 8]}, "faces": {"north": {"uv": [1, 1, 8, 2], "texture": "#4"}, "east": {"uv": [0, 0, 1, 1], "texture": "#1"}, "south": {"uv": [0, 0, 7, 1], "texture": "#1"}, "west": {"uv": [0, 0, 1, 1], "texture": "#1"}, "down": {"uv": [0, 0, 7, 1], "texture": "#1"}}}, {"name": "ne2_2", "from": [6.5, 2, 6], "to": [9.5, 3, 7], "rotation": {"angle": 0, "axis": "y", "origin": [8, 8, 8]}, "faces": {"north": {"uv": [3, 3, 6, 4], "texture": "#4"}, "east": {"uv": [0, 0, 1, 1], "texture": "#1"}, "south": {"uv": [0, 0, 3, 1], "texture": "#1"}, "west": {"uv": [0, 0, 1, 1], "texture": "#1"}, "down": {"uv": [0, 0, 3, 1], "texture": "#1"}}}, {"name": "ne2_2", "from": [5.5, 3, 6], "to": [10.5, 4, 7], "rotation": {"angle": 0, "axis": "y", "origin": [8, 8, 8]}, "faces": {"north": {"uv": [2, 2, 7, 3], "texture": "#4"}, "east": {"uv": [0, 0, 1, 1], "texture": "#1"}, "south": {"uv": [0, 0, 5, 1], "texture": "#1"}, "west": {"uv": [0, 0, 1, 1], "texture": "#1"}, "down": {"uv": [0, 0, 5, 1], "texture": "#1"}}}, {"name": "ne2_2", "from": [7.5, 1, 6], "to": [8.5, 2, 7], "rotation": {"angle": 0, "axis": "y", "origin": [8, 8, 8]}, "faces": {"north": {"uv": [4, 4, 5, 5], "texture": "#4"}, "east": {"uv": [0, 0, 1, 1], "texture": "#1"}, "west": {"uv": [0, 0, 1, 1], "texture": "#1"}, "down": {"uv": [8, 8, 10, 10], "texture": "#1"}}}, {"name": "ne2_2", "from": [8.5, 1.5, 6], "to": [9, 2, 7], "rotation": {"angle": 0, "axis": "y", "origin": [8, 8, 8]}, "faces": {"north": {"uv": [3.5, 4, 4, 4.5], "texture": "#4"}, "east": {"uv": [0, 0, 1, 1], "texture": "#1"}, "down": {"uv": [0, 0, 1, 1], "texture": "#1"}}}, {"name": "ne2_2", "from": [9.5, 2.5, 6], "to": [10, 3, 7], "rotation": {"angle": 0, "axis": "y", "origin": [8, 8, 8]}, "faces": {"north": {"uv": [2.5, 3, 3, 3.5], "texture": "#4"}, "east": {"uv": [0, 0, 1, 1], "texture": "#1"}, "south": {"uv": [0, 0, 1, 1], "texture": "#1"}, "down": {"uv": [0, 0, 1, 1], "texture": "#1"}}}, {"name": "ne2_2", "from": [10.5, 3.5, 6], "to": [11, 4, 7], "rotation": {"angle": 0, "axis": "y", "origin": [8, 8, 8]}, "faces": {"north": {"uv": [1.5, 2, 2, 2.5], "texture": "#4"}, "east": {"uv": [0, 0, 1, 0.5], "texture": "#1"}, "south": {"uv": [0, 0, 0.5, 0.5], "texture": "#1"}, "down": {"uv": [0, 0, 0.5, 1], "texture": "#1"}}}, {"name": "ne2_2", "from": [11.5, 4.5, 6], "to": [12, 5, 7], "rotation": {"angle": 0, "axis": "y", "origin": [8, 8, 8]}, "faces": {"north": {"uv": [0.5, 1, 1, 1.5], "texture": "#4"}, "east": {"uv": [0, 0, 1, 1], "texture": "#1"}, "south": {"uv": [0, 0, 1, 1], "texture": "#1"}, "down": {"uv": [0, 0, 1, 1], "texture": "#1"}}}, {"name": "ne2_2", "from": [4, 4.5, 6], "to": [4.5, 5, 7], "rotation": {"angle": 0, "axis": "y", "origin": [8, 8, 8]}, "faces": {"north": {"uv": [8, 1, 8.5, 1.5], "texture": "#4"}, "south": {"uv": [7, 8, 8, 9], "texture": "#1"}, "west": {"uv": [7, 8, 8, 9], "texture": "#1"}, "down": {"uv": [0, 0, 1, 1], "texture": "#1"}}}, {"name": "ne2_2", "from": [5, 3.5, 6], "to": [5.5, 4, 7], "rotation": {"angle": 0, "axis": "y", "origin": [8, 8, 8]}, "faces": {"north": {"uv": [7, 2, 7.5, 2.5], "texture": "#4"}, "south": {"uv": [0, 0, 1, 1], "texture": "#1"}, "west": {"uv": [0, 0, 1, 1], "texture": "#1"}, "down": {"uv": [0, 0, 0.5, 1], "texture": "#1"}}}, {"name": "ne2_2", "from": [6, 2.5, 6], "to": [6.5, 3, 7], "rotation": {"angle": 0, "axis": "y", "origin": [8, 8, 8]}, "faces": {"north": {"uv": [6, 3, 6.5, 3.5], "texture": "#4"}, "south": {"uv": [0, 0, 1, 1], "texture": "#1"}, "west": {"uv": [0, 0, 1, 1], "texture": "#1"}, "down": {"uv": [0, 0, 1, 1], "texture": "#1"}}}, {"name": "ne2_2", "from": [7, 1.5, 6], "to": [7.5, 2, 7], "rotation": {"angle": 0, "axis": "y", "origin": [8, 8, 8]}, "faces": {"north": {"uv": [5, 4, 5.5, 4.5], "texture": "#4"}, "west": {"uv": [0, 0, 1, 1], "texture": "#1"}, "down": {"uv": [0, 0, 1, 1], "texture": "#1"}}}], "groups": [{"name": "ne2_2", "origin": [0, -6, -1], "children": [0, 1, 2, 3, 4, 5, 6, 7, 8, 9, 10, 11, 12]}]}