{"credit": "Made with Blockbench by Mc_Jeronimo", "textures": {"0": "girsignals:blocks/default/shield_gray", "particle": "girsignals:blocks/default/shield_gray"}, "elements": [{"from": [7, 0, 7], "to": [9, 16, 9], "rotation": {"angle": 0, "axis": "y", "origin": [8, 8, 8]}, "faces": {"north": {"uv": [0, 0, 2, 16], "texture": "#0"}, "east": {"uv": [0, 0, 2, 16], "texture": "#0"}, "south": {"uv": [0, 0, 2, 16], "texture": "#0"}, "west": {"uv": [0, 0, 2, 16], "texture": "#0"}, "up": {"uv": [0, 0, 2, 2], "texture": "#0"}, "down": {"uv": [0, 0, 2, 2], "texture": "#0"}}}], "groups": [{"name": "mast1", "origin": [0, -16, 0], "children": [0]}]}