{"credit": "Made with Blockbench by Mc_Jeronimo", "textures": {"0": "girsignals:blocks/default/shield_black", "1": "girsignals:blocks/arrows/arrow_left", "particle": "girsignals:blocks/arrows/arrow_left"}, "elements": [{"from": [4, 0, 6], "to": [12, 4, 7], "rotation": {"angle": 0, "axis": "y", "origin": [8, 8, 8]}, "faces": {"north": {"uv": [0, 0, 16, 7], "texture": "#1"}, "east": {"uv": [0, 0, 1, 4], "texture": "#0"}, "south": {"uv": [0, 0, 8, 4], "texture": "#0"}, "west": {"uv": [0, 0, 1, 4], "texture": "#0"}, "up": {"uv": [0, 0, 8, 1], "rotation": 180, "texture": "#0"}, "down": {"uv": [0, 0, 8, 1], "rotation": 180, "texture": "#0"}}}]}