{"credit": "Made with Blockbench by Mc_Jeronimo", "textures": {"0": "girsignals:blocks/default/shield_gray", "1": "girsignals:blocks/default/shield_black", "2": "girsignals:blocks/sh/sh2", "particle": "girsignals:blocks/default/shield_gray"}, "elements": [{"from": [7, 0, 7], "to": [9, 12, 9], "faces": {"north": {"uv": [0, 0, 2, 12], "texture": "#0"}, "east": {"uv": [0, 0, 2, 12], "texture": "#0"}, "south": {"uv": [0, 0, 2, 12], "texture": "#0"}, "west": {"uv": [0, 0, 2, 12], "texture": "#0"}, "up": {"uv": [0, 0, 2, 2], "texture": "#0"}, "down": {"uv": [0, 0, 2, 2], "texture": "#0"}}}, {"from": [0, 6, 6], "to": [16, 15, 7], "faces": {"north": {"uv": [0, 0, 16, 9], "texture": "#2"}, "east": {"uv": [0, 0, 1, 9], "texture": "#1"}, "south": {"uv": [0, 0, 16, 9], "texture": "#1"}, "west": {"uv": [0, 0, 1, 9], "texture": "#1"}, "up": {"uv": [0, 0, 16, 1], "texture": "#1"}, "down": {"uv": [0, 0, 16, 1], "texture": "#1"}}}]}