{"credit": "Made with Blockbench by Mc_Jeronimo", "texture_size": [32, 32], "textures": {"0": "girsignals:blocks/default/mast", "1": "girsignals:blocks/default/shield_black", "4": "girsignals:blocks/default/white", "5": "girsignals:blocks/mast_sign/wrw", "particle": "girsignals:blocks/default/shield_black", "lamp_rednorth": "girsignals:blocks/lamps/lamp_dark", "lamp_whitenorth": "girsignals:blocks/lamps/lamp_dark", "lamp_white2north": "girsignals:blocks/lamps/lamp_dark"}, "elements": [{"from": [2, 2, 6], "to": [14, 8, 10], "faces": {"north": {"uv": [0, 0, 6, 3], "texture": "#1"}, "east": {"uv": [0, 0, 2, 3], "texture": "#1"}, "south": {"uv": [0, 0, 6, 3], "texture": "#1"}, "west": {"uv": [0, 0, 2, 3], "texture": "#1"}, "up": {"uv": [0, 0, 6, 2], "texture": "#1"}, "down": {"uv": [0, 0, 6, 2], "texture": "#1"}}}, {"from": [3, 8, 6], "to": [13, 9, 10], "faces": {"north": {"uv": [0, 0, 5, 0.5], "texture": "#1"}, "east": {"uv": [0, 0, 2, 0.5], "texture": "#1"}, "south": {"uv": [0, 0, 5, 0.5], "texture": "#1"}, "west": {"uv": [0, 0, 2, 0.5], "texture": "#1"}, "up": {"uv": [0, 0, 5, 2], "texture": "#1"}}}, {"from": [4, 9, 6], "to": [12, 10, 10], "faces": {"north": {"uv": [0, 0, 4, 0.5], "texture": "#1"}, "east": {"uv": [0, 0, 2, 0.5], "texture": "#1"}, "south": {"uv": [0, 0, 4, 0.5], "texture": "#1"}, "west": {"uv": [0, 0, 2, 0.5], "texture": "#1"}, "up": {"uv": [0, 0, 4, 2], "texture": "#1"}}}, {"from": [5, 10, 6], "to": [11, 11, 10], "faces": {"north": {"uv": [0, 0, 3, 0.5], "texture": "#1"}, "east": {"uv": [0, 0, 2, 0.5], "texture": "#1"}, "south": {"uv": [0, 0, 3, 0.5], "texture": "#1"}, "west": {"uv": [0, 0, 2, 0.5], "texture": "#1"}, "up": {"uv": [0, 0, 3, 2], "texture": "#1"}}}, {"from": [7, 0, 7], "to": [9, 2, 9], "faces": {"north": {"uv": [0, 0, 1, 1], "texture": "#0"}, "east": {"uv": [0, 0, 1, 1], "texture": "#0"}, "south": {"uv": [0, 0, 1, 1], "texture": "#0"}, "west": {"uv": [0, 0, 1, 1], "texture": "#0"}}}, {"name": "lamp_red", "from": [10, 7, 5.9], "to": [12, 9, 5.9], "faces": {"north": {"uv": [1, 1, 3, 3], "texture": "#lamp_rednorth"}}}, {"name": "lamp_red", "from": [4, 7, 5.9], "to": [6, 9, 5.9], "faces": {"north": {"uv": [1, 1, 3, 3], "texture": "#lamp_rednorth"}}}, {"name": "lamp_white", "from": [6, 7, 5.9], "to": [8, 9, 5.9], "faces": {"north": {"uv": [1, 1, 3, 3], "texture": "#lamp_whitenorth"}}}, {"name": "lamp_white", "from": [10, 3, 5.9], "to": [12, 5, 5.9], "faces": {"north": {"uv": [1, 1, 3, 3], "texture": "#lamp_white2north"}}}, {"from": [9.5, 8, 5], "to": [10, 9, 6], "faces": {"north": {"uv": [0, 0, 0.25, 0.5], "texture": "#1"}, "east": {"uv": [0, 0, 0.5, 0.5], "texture": "#1"}, "west": {"uv": [0, 0, 0.5, 0.5], "texture": "#1"}, "up": {"uv": [0, 0, 0.25, 0.5], "texture": "#1"}, "down": {"uv": [0, 0, 0.25, 0.5], "texture": "#1"}}}, {"from": [12, 8, 5], "to": [12.5, 9, 6], "faces": {"north": {"uv": [0, 0, 0.25, 0.5], "texture": "#1"}, "east": {"uv": [0, 0, 0.5, 0.5], "texture": "#1"}, "west": {"uv": [0, 0, 0.5, 0.5], "texture": "#1"}, "up": {"uv": [0, 0, 0.25, 0.5], "texture": "#1"}, "down": {"uv": [0, 0, 0.25, 0.5], "texture": "#1"}}}, {"from": [10, 9, 5], "to": [12, 9.5, 6], "faces": {"north": {"uv": [0, 0, 1, 0.25], "texture": "#1"}, "east": {"uv": [0, 0, 0.5, 0.25], "texture": "#1"}, "west": {"uv": [0, 0, 0.5, 0.25], "texture": "#1"}, "up": {"uv": [0, 0, 1, 0.5], "texture": "#1"}, "down": {"uv": [0, 0, 1, 0.5], "texture": "#1"}}}, {"from": [8, 8, 5], "to": [8.5, 9, 6], "faces": {"north": {"uv": [0, 0, 0.25, 0.5], "texture": "#1"}, "east": {"uv": [0, 0, 0.5, 0.5], "texture": "#1"}, "west": {"uv": [0, 0, 0.5, 0.5], "texture": "#1"}, "up": {"uv": [0, 0, 0.25, 0.5], "texture": "#1"}, "down": {"uv": [0, 0, 0.25, 0.5], "texture": "#1"}}}, {"from": [3.5, 8, 5], "to": [4, 9, 6], "faces": {"north": {"uv": [0, 0, 0.25, 0.5], "texture": "#1"}, "east": {"uv": [0, 0, 0.5, 0.5], "texture": "#1"}, "west": {"uv": [0, 0, 0.5, 0.5], "texture": "#1"}, "up": {"uv": [0, 0, 0.25, 0.5], "texture": "#1"}, "down": {"uv": [0, 0, 0.25, 0.5], "texture": "#1"}}}, {"from": [4, 9, 5], "to": [8, 9.5, 6], "faces": {"north": {"uv": [0, 0, 2, 0.25], "texture": "#1"}, "east": {"uv": [0, 0, 0.5, 0.25], "texture": "#1"}, "west": {"uv": [0, 0, 0.5, 0.25], "texture": "#1"}, "up": {"uv": [0, 0, 2, 0.5], "texture": "#1"}, "down": {"uv": [0, 0, 2, 0.5], "texture": "#1"}}}, {"from": [10, 5, 5], "to": [12, 5.5, 6], "faces": {"north": {"uv": [0, 0, 1, 0.25], "texture": "#1"}, "east": {"uv": [0, 0, 0.5, 0.25], "texture": "#1"}, "west": {"uv": [0, 0, 0.5, 0.25], "texture": "#1"}, "up": {"uv": [0, 0, 1, 0.5], "texture": "#1"}, "down": {"uv": [0, 0, 1, 0.5], "texture": "#1"}}}, {"from": [12, 4, 5], "to": [12.5, 5, 6], "faces": {"north": {"uv": [0, 0, 0.25, 0.5], "texture": "#1"}, "east": {"uv": [0, 0, 0.5, 0.5], "texture": "#1"}, "west": {"uv": [0, 0, 0.5, 0.5], "texture": "#1"}, "up": {"uv": [0, 0, 0.25, 0.5], "texture": "#1"}, "down": {"uv": [0, 0, 0.25, 0.5], "texture": "#1"}}}, {"from": [9.5, 4, 5], "to": [10, 5, 6], "faces": {"north": {"uv": [0, 0, 0.25, 0.5], "texture": "#1"}, "east": {"uv": [0, 0, 0.5, 0.5], "texture": "#1"}, "west": {"uv": [0, 0, 0.5, 0.5], "texture": "#1"}, "up": {"uv": [0, 0, 0.25, 0.5], "texture": "#1"}, "down": {"uv": [0, 0, 0.25, 0.5], "texture": "#1"}}}, {"from": [4.5, 3, 5.5], "to": [9, 6, 6], "faces": {"north": {"uv": [0, 0, 1.25, 1.5], "texture": "#4"}, "east": {"uv": [0, 0, 0.25, 1.5], "texture": "#1"}, "west": {"uv": [0, 0, 0.25, 1.5], "texture": "#1"}, "up": {"uv": [0, 0, 1.25, 0.25], "texture": "#1"}, "down": {"uv": [0, 0, 1.25, 0.25], "texture": "#1"}}}, {"from": [2, 2, 5.5], "to": [4, 8, 6], "faces": {"north": {"uv": [0, 0, 1, 16], "texture": "#5"}, "east": {"uv": [0, 0, 0.25, 3], "texture": "#1"}, "west": {"uv": [0, 0, 0.25, 3], "texture": "#1"}, "up": {"uv": [0, 0, 1, 0.25], "texture": "#1"}, "down": {"uv": [0, 0, 1, 0.25], "texture": "#1"}}}], "groups": [{"name": "body", "origin": [11, 16, 13], "color": 0, "children": [0, 1, 2, 3, 4]}, {"name": "lamps", "origin": [11, 16, 13], "color": 0, "children": [5, 6, 7, 8]}, {"name": "hoods1", "origin": [8, 8, 8], "color": 0, "children": [9, 10, 11]}, {"name": "hoods2", "origin": [8, 8, 8], "color": 0, "children": [12, 13, 14]}, {"name": "hoods3", "origin": [8, 8, 8], "color": 0, "children": [15, 16, 17]}, {"name": "signs", "origin": [8, 8, 8], "color": 0, "children": [18, 19]}]}