{"credit": "Made with Blockbench by Mc_Jeronimo", "texture_size": [32, 32], "textures": {"0": "girsignals:blocks/default/shield_black", "1": "girsignals:blocks/default/mast", "2": "girsignals:blocks/sh/sh", "particle": "girsignals:blocks/default/shield_black"}, "elements": [{"name": "body", "from": [3, 2, 5], "to": [13, 12, 11], "faces": {"north": {"uv": [0, 0, 10, 10], "texture": "#0"}, "east": {"uv": [0, 0, 3, 5], "texture": "#0"}, "south": {"uv": [0, 0, 5, 5], "texture": "#0"}, "west": {"uv": [0, 0, 3, 5], "texture": "#0"}, "up": {"uv": [0, 0, 5, 3], "texture": "#0"}, "down": {"uv": [0, 0, 5, 3], "texture": "#0"}}}, {"name": "mast", "from": [7, 0, 7], "to": [9, 2, 9], "faces": {"north": {"uv": [0, 0, 1, 1], "texture": "#1"}, "east": {"uv": [0, 0, 1, 1], "texture": "#1"}, "south": {"uv": [0, 0, 1, 1], "texture": "#1"}, "west": {"uv": [0, 0, 1, 1], "texture": "#1"}}}, {"name": "sh", "from": [4, 3, 4.9], "to": [12, 11, 4.9], "faces": {"north": {"uv": [0, 0, 16, 16], "texture": "#2"}}}], "groups": [{"name": "body", "origin": [8, 7, 5], "children": [0, 1]}, {"name": "sh", "origin": [8, 7, 5], "children": [2]}]}