{"credit": "Made with Blockbench by Mc_Jeronimo", "textures": {"0": "girsignals:blocks/default/shield_gray", "1": "girsignals:blocks/default/shield_black", "2": "girsignals:blocks/ne/ne1", "3": "girsignals:blocks/ne/ne1_mast", "particle": "girsignals:blocks/default/shield_gray"}, "elements": [{"from": [7, 0, 7], "to": [9, 12, 9], "faces": {"north": {"uv": [0, 0, 2, 12], "texture": "#0"}, "east": {"uv": [0, 0, 2, 12], "texture": "#0"}, "south": {"uv": [0, 0, 2, 12], "texture": "#0"}, "west": {"uv": [0, 0, 2, 12], "texture": "#0"}, "up": {"uv": [0, 0, 2, 2], "texture": "#0"}, "down": {"uv": [0, 0, 2, 2], "texture": "#0"}}}, {"name": "sign", "from": [3, 9, 6], "to": [13, 11, 7], "faces": {"north": {"uv": [3, 14, 13, 16], "texture": "#2"}, "east": {"uv": [0, 0, 1, 2], "texture": "#1"}, "south": {"uv": [0, 0, 10, 2], "texture": "#1"}, "west": {"uv": [0, 0, 1, 2], "texture": "#1"}, "up": {"uv": [0, 0, 10, 1], "texture": "#1"}, "down": {"uv": [0, 0, 10, 1], "texture": "#1"}}}, {"name": "sign", "from": [3.56, 11, 6], "to": [12.56, 13, 7], "faces": {"north": {"uv": [3.5, 12, 12.5, 14], "texture": "#2"}, "east": {"uv": [0, 0, 1, 2], "texture": "#1"}, "south": {"uv": [0, 0, 8, 2], "texture": "#1"}, "west": {"uv": [0, 0, 1, 2], "texture": "#1"}, "up": {"uv": [0, 0, 8, 1], "texture": "#1"}, "down": {"uv": [0, 0, 8, 1], "texture": "#1"}}}, {"name": "sign", "from": [4, 13, 6], "to": [12, 15, 7], "faces": {"north": {"uv": [4, 10, 12, 12], "texture": "#2"}, "east": {"uv": [0, 0, 1, 2], "texture": "#1"}, "south": {"uv": [0, 0, 6, 2], "texture": "#1"}, "west": {"uv": [0, 0, 1, 2], "texture": "#1"}, "up": {"uv": [0, 0, 6, 1], "texture": "#1"}, "down": {"uv": [0, 0, 6, 1], "texture": "#1"}}}, {"name": "mast_sign", "from": [7, -12, 6], "to": [9, 8, 7], "faces": {"north": {"uv": [0, 0, 2, 16], "texture": "#3"}, "east": {"uv": [0, 0, 1, 16], "texture": "#1"}, "south": {"uv": [0, 0, 2, 16], "texture": "#1"}, "west": {"uv": [0, 0, 1, 16], "texture": "#1"}, "up": {"uv": [0, 0, 2, 1], "texture": "#1"}, "down": {"uv": [0, 0, 2, 1], "texture": "#1"}}}], "groups": [0, {"name": "sign", "origin": [8, 8, 8], "children": [1, 2, 3]}, 4]}