{"credit": "Made with Blockbench by Mc_Jeronimo", "texture_size": [32, 32], "textures": {"14": "girsignals:blocks/ne/ne2_3", "15": "girsignals:blocks/default/shield_black", "particle": "girsignals:blocks/default/shield_gray"}, "elements": [{"name": "ne2_2", "from": [3.5, 2, 6], "to": [12.5, 3, 7], "faces": {"north": {"uv": [0, 4, 9, 5], "texture": "#14"}, "east": {"uv": [0, 0, 0.5, 0.5], "texture": "#15"}, "south": {"uv": [0, 0, 4.5, 0.5], "texture": "#15"}, "west": {"uv": [0, 0, 0.5, 0.5], "texture": "#15"}, "up": {"uv": [0, 0, 4.5, 0.5], "texture": "#15"}, "down": {"uv": [0, 0, 4.5, 0.5], "texture": "#15"}}}, {"name": "ne2_2", "from": [4.5, 3, 6], "to": [11.5, 4, 7], "faces": {"north": {"uv": [1, 3, 8, 4], "texture": "#14"}, "east": {"uv": [0, 0, 0.5, 0.5], "texture": "#15"}, "south": {"uv": [0, 0, 3.5, 0.5], "texture": "#15"}, "west": {"uv": [0, 0, 0.5, 0.5], "texture": "#15"}, "down": {"uv": [0, 0, 3.5, 0.5], "texture": "#15"}}}, {"name": "ne2_2", "from": [6.5, 5, 6], "to": [9.5, 6, 7], "faces": {"north": {"uv": [3, 1, 6, 2], "texture": "#14"}, "east": {"uv": [0, 0, 0.5, 0.5], "texture": "#15"}, "south": {"uv": [0, 0, 1.5, 0.5], "texture": "#15"}, "west": {"uv": [0, 0, 0.5, 0.5], "texture": "#15"}, "down": {"uv": [0, 0, 1.5, 0.5], "texture": "#15"}}}, {"name": "ne2_2", "from": [5.5, 4, 6], "to": [10.5, 5, 7], "faces": {"north": {"uv": [2, 2, 7, 3], "texture": "#14"}, "east": {"uv": [0, 0, 0.5, 0.5], "texture": "#15"}, "south": {"uv": [0, 0, 2.5, 0.5], "texture": "#15"}, "west": {"uv": [0, 0, 0.5, 0.5], "texture": "#15"}, "down": {"uv": [0, 0, 2.5, 0.5], "texture": "#15"}}}, {"name": "ne2_2", "from": [7.5, 6, 6], "to": [8.5, 7, 7], "faces": {"north": {"uv": [4, 0, 5, 1], "texture": "#14"}, "east": {"uv": [0, 0, 0.5, 0.5], "texture": "#15"}, "south": {"uv": [0, 0, 0.5, 0.5], "texture": "#15"}, "west": {"uv": [0, 0, 0.5, 0.5], "texture": "#15"}, "down": {"uv": [4, 4, 5, 5], "texture": "#15"}}}, {"name": "ne2_2", "from": [8.5, 6, 6], "to": [9, 6.5, 7], "faces": {"north": {"uv": [3.5, 0.5, 4, 1], "texture": "#14"}, "east": {"uv": [0, 0, 0.5, 0.5], "texture": "#15"}, "south": {"uv": [3.5, 4, 4, 4.5], "texture": "#15"}, "down": {"uv": [0, 0, 0.5, 0.5], "texture": "#15"}}}, {"name": "ne2_2", "from": [9.5, 5, 6], "to": [10, 5.5, 7], "faces": {"north": {"uv": [2.5, 1.5, 3, 2], "texture": "#14"}, "east": {"uv": [0, 0, 0.5, 0.5], "texture": "#15"}, "south": {"uv": [0, 0, 0.5, 0.5], "texture": "#15"}, "down": {"uv": [0, 0, 0.5, 0.5], "texture": "#15"}}}, {"name": "ne2_2", "from": [10.5, 4, 6], "to": [11, 4.5, 7], "faces": {"north": {"uv": [1.5, 2.5, 2, 3], "texture": "#14"}, "east": {"uv": [0, 0, 0.5, 0.25], "texture": "#15"}, "south": {"uv": [0, 0, 0.25, 0.25], "texture": "#15"}, "down": {"uv": [0, 0, 0.25, 0.5], "texture": "#15"}}}, {"name": "ne2_2", "from": [11.5, 3, 6], "to": [12, 3.5, 7], "faces": {"north": {"uv": [0.5, 3.5, 1, 4], "texture": "#14"}, "east": {"uv": [0, 0, 0.5, 0.5], "texture": "#15"}, "south": {"uv": [0, 0, 0.5, 0.5], "texture": "#15"}, "down": {"uv": [0, 0, 0.5, 0.5], "texture": "#15"}}}, {"name": "ne2_2", "from": [4, 3, 6], "to": [4.5, 3.5, 7], "faces": {"north": {"uv": [8, 3.5, 8.5, 4], "texture": "#14"}, "south": {"uv": [3.5, 4, 4, 4.5], "texture": "#15"}, "west": {"uv": [3.5, 4, 4, 4.5], "texture": "#15"}, "down": {"uv": [0, 0, 0.5, 0.5], "texture": "#15"}}}, {"name": "ne2_2", "from": [5, 4, 6], "to": [5.5, 4.5, 7], "faces": {"north": {"uv": [7, 2.5, 7.5, 3], "texture": "#14"}, "south": {"uv": [0, 0, 0.5, 0.5], "texture": "#15"}, "west": {"uv": [0, 0, 0.5, 0.5], "texture": "#15"}, "down": {"uv": [0, 0, 0.25, 0.5], "texture": "#15"}}}, {"name": "ne2_2", "from": [6, 5, 6], "to": [6.5, 5.5, 7], "faces": {"north": {"uv": [6, 1.5, 6.5, 2], "texture": "#14"}, "south": {"uv": [0, 0, 0.5, 0.5], "texture": "#15"}, "west": {"uv": [0, 0, 0.5, 0.5], "texture": "#15"}, "down": {"uv": [0, 0, 0.5, 0.5], "texture": "#15"}}}, {"name": "ne2_2", "from": [7, 6, 6], "to": [7.5, 6.5, 7], "faces": {"north": {"uv": [5, 0.5, 5.5, 1], "texture": "#14"}, "south": {"uv": [3.5, 4, 4, 4.5], "texture": "#15"}, "west": {"uv": [0, 0, 0.5, 0.5], "texture": "#15"}, "down": {"uv": [0, 0, 0.5, 0.5], "texture": "#15"}}}], "groups": [{"name": "hl_ne2_2", "origin": [8, 8, 8], "children": [{"name": "ne2_2", "origin": [0, 3, -1], "children": [0, 1, 2, 3, 4, 5, 6, 7, 8, 9, 10, 11, 12]}]}]}