{"credit": "Made with Blockbench by Mc_Jeronimo", "texture_size": [32, 32], "textures": {"0": "girsignals:blocks/default/shield_gray", "1": "girsignals:blocks/default/shield_black", "2": "girsignals:blocks/ne/ne6", "particle": "girsignals:blocks/default/shield_gray"}, "elements": [{"from": [7, 0, 7], "to": [9, 12, 9], "faces": {"north": {"uv": [0, 0, 1, 10], "texture": "#0"}, "east": {"uv": [0, 0, 1, 10], "texture": "#0"}, "south": {"uv": [0, 0, 1, 10], "texture": "#0"}, "west": {"uv": [0, 0, 1, 10], "texture": "#0"}, "up": {"uv": [0, 0, 1, 1], "texture": "#0"}, "down": {"uv": [0, 0, 1, 1], "texture": "#0"}}}, {"from": [-9, 0, 7], "to": [-7, 12, 9], "faces": {"north": {"uv": [0, 0, 1, 10], "texture": "#0"}, "east": {"uv": [0, 0, 1, 10], "texture": "#0"}, "south": {"uv": [0, 0, 1, 10], "texture": "#0"}, "west": {"uv": [0, 0, 1, 10], "texture": "#0"}, "up": {"uv": [0, 0, 1, 1], "texture": "#0"}, "down": {"uv": [0, 0, 1, 1], "texture": "#0"}}}, {"from": [-12, 8, 6], "to": [12, 16, 7], "faces": {"north": {"uv": [0, 0, 14, 5], "texture": "#2"}, "east": {"uv": [0, 0, 0.5, 4], "texture": "#1"}, "south": {"uv": [0, 0, 12, 4], "texture": "#1"}, "west": {"uv": [0, 0, 0.5, 4], "texture": "#1"}, "up": {"uv": [0, 0, 12, 0.5], "texture": "#1"}, "down": {"uv": [0, 0, 12, 0.5], "texture": "#1"}}}]}