{"credit": "Made with Blockbench by Mc_Jeronimo", "texture_size": [32, 32], "textures": {"0": "girsignals:blocks/default/shield_gray", "particle": "girsignals:blocks/default/shield_gray"}, "elements": [{"from": [7, 0, 7], "to": [9, 16, 9], "faces": {"north": {"uv": [0, 0, 1, 10], "texture": "#0"}, "east": {"uv": [0, 0, 1, 10], "texture": "#0"}, "south": {"uv": [0, 0, 1, 10], "texture": "#0"}, "west": {"uv": [0, 0, 1, 10], "texture": "#0"}, "up": {"uv": [0, 0, 1, 1], "texture": "#0"}, "down": {"uv": [0, 0, 1, 1], "texture": "#0"}}}, {"from": [-9, 0, 7], "to": [-7, 16, 9], "faces": {"north": {"uv": [0, 0, 1, 10], "texture": "#0"}, "east": {"uv": [0, 0, 1, 10], "texture": "#0"}, "south": {"uv": [0, 0, 1, 10], "texture": "#0"}, "west": {"uv": [0, 0, 1, 10], "texture": "#0"}, "up": {"uv": [0, 0, 1, 1], "texture": "#0"}, "down": {"uv": [0, 0, 1, 1], "texture": "#0"}}}]}