{"credit": "Made with Blockbench by Mc_Jeronimo", "texture_size": [32, 32], "textures": {"2": "girsignals:blocks/default/shield_gray", "particle": "girsignals:blocks/default/shield_gray"}, "elements": [{"from": [7, -7, 13], "to": [9, -6, 17], "faces": {"east": {"uv": [0, 0, 2, 0.5], "texture": "#2"}, "south": {"uv": [0, 0, 1, 0.5], "texture": "#2"}, "west": {"uv": [0, 0, 2, 0.5], "texture": "#2"}, "down": {"uv": [0, 0, 1, 2], "texture": "#2"}}}, {"from": [4, -6, 13], "to": [12, -5, 20], "faces": {"north": {"uv": [0, 0, 4, 0.5], "texture": "#2"}, "east": {"uv": [0, 0, 3.5, 0.5], "texture": "#2"}, "south": {"uv": [0, 0, 4, 0.5], "texture": "#2"}, "west": {"uv": [0, 0, 3.5, 0.5], "texture": "#2"}, "up": {"uv": [0, 0, 4, 3.5], "texture": "#2"}, "down": {"uv": [0, 0, 4, 3.5], "texture": "#2"}}}, {"from": [11, -5, 19], "to": [12, 6, 20], "faces": {"north": {"uv": [0, 0, 0.5, 5.5], "texture": "#2"}, "east": {"uv": [0, 0, 0.5, 5.5], "texture": "#2"}, "south": {"uv": [0, 0, 0.5, 5.5], "texture": "#2"}, "west": {"uv": [0, 0, 0.5, 5.5], "texture": "#2"}}}, {"from": [4, -5, 19], "to": [5, 6, 20], "faces": {"north": {"uv": [0, 0, 0.5, 5.5], "texture": "#2"}, "east": {"uv": [0, 0, 0.5, 5.5], "texture": "#2"}, "south": {"uv": [0, 0, 0.5, 5.5], "texture": "#2"}, "west": {"uv": [0, 0, 0.5, 5.5], "texture": "#2"}}}, {"from": [2.5, 6, 13], "to": [13.5, 7, 14], "faces": {"north": {"uv": [9.25, 9, 14.75, 9.5], "texture": "#2"}, "east": {"uv": [6.5, 9, 7, 9.5], "texture": "#2"}, "south": {"uv": [1.25, 9, 6.75, 9.5], "texture": "#2"}, "west": {"uv": [9, 9, 9.5, 9.5], "texture": "#2"}, "up": {"uv": [1.25, 9, 6.75, 9.5], "texture": "#2"}, "down": {"uv": [1.25, 6.5, 6.75, 7], "texture": "#2"}}}, {"from": [2.5, 6, 19], "to": [13.5, 7, 20], "faces": {"north": {"uv": [9.25, 9, 14.75, 9.5], "texture": "#2"}, "east": {"uv": [6.5, 9, 7, 9.5], "texture": "#2"}, "south": {"uv": [1.25, 9, 6.75, 9.5], "texture": "#2"}, "west": {"uv": [9, 9, 9.5, 9.5], "texture": "#2"}, "up": {"uv": [1.25, 9, 6.75, 9.5], "texture": "#2"}, "down": {"uv": [1.25, 6.5, 6.75, 7], "texture": "#2"}}}, {"from": [2.5, 6, 14], "to": [3.5, 7, 19], "faces": {"east": {"uv": [0, 0, 5, 0.5], "texture": "#2"}, "west": {"uv": [0, 0, 5, 0.5], "texture": "#2"}, "up": {"uv": [0, 0, 0.5, 5], "texture": "#2"}, "down": {"uv": [0, 0, 0.5, 5], "texture": "#2"}}}, {"from": [12.5, 6, 14], "to": [13.5, 7, 19], "faces": {"east": {"uv": [0, 0, 5, 0.5], "texture": "#2"}, "west": {"uv": [0, 0, 5, 0.5], "texture": "#2"}, "up": {"uv": [0, 0, 0.5, 5], "texture": "#2"}, "down": {"uv": [0, 0, 0.5, 5], "texture": "#2"}}}], "groups": [{"name": "mast", "origin": [0, 9, 1], "color": 0, "children": [0, 1, 2, 3, 4, 5, 6, 7]}]}