{"credit": "Made with Blockbench by Mc_Jeronimo", "textures": {"0": "girsignals:blocks/default/shield_gray", "1": "girsignals:blocks/default/shield_black", "2": "girsignals:blocks/ra/ra10", "particle": "girsignals:blocks/default/shield_gray"}, "elements": [{"name": "mast", "from": [7, 0, 7], "to": [9, 11, 9], "faces": {"north": {"uv": [0, 0, 2, 11], "texture": "#0"}, "east": {"uv": [0, 0, 2, 16], "texture": "#0"}, "south": {"uv": [0, 0, 2, 16], "texture": "#0"}, "west": {"uv": [0, 0, 2, 16], "texture": "#0"}, "up": {"uv": [0, 0, 2, 2], "texture": "#0"}, "down": {"uv": [0, 0, 2, 2], "texture": "#0"}}}, {"name": "sign", "from": [3, 8, 6], "to": [13, 11, 7], "faces": {"north": {"uv": [2.625, 3.8125, 13.25, 7.4125], "texture": "#2"}, "east": {"uv": [0, 0, 1, 3], "texture": "#1"}, "south": {"uv": [0, 0, 10, 3], "texture": "#1"}, "west": {"uv": [0, 0, 1, 3], "texture": "#1"}, "up": {"uv": [0, 0, 10, 1], "texture": "#1"}, "down": {"uv": [0, 0, 10, 1], "texture": "#1"}}}, {"name": "sign", "from": [3.5, 11, 6], "to": [12.5, 12, 7], "faces": {"north": {"uv": [3.15, 2.625, 12.7125, 3.825], "texture": "#2"}, "east": {"uv": [0, 0, 1, 1], "texture": "#1"}, "south": {"uv": [0, 0, 9, 1], "texture": "#1"}, "west": {"uv": [0, 0, 1, 1], "texture": "#1"}, "up": {"uv": [0, 0, 9, 1], "texture": "#1"}, "down": {"uv": [0, 0, 9, 1], "texture": "#1"}}}, {"name": "sign", "from": [4.5, 12, 6], "to": [11.5, 13, 7], "faces": {"north": {"uv": [4.2, 1.4375, 11.6375, 2.6375], "texture": "#2"}, "east": {"uv": [0, 0, 1, 1], "texture": "#1"}, "south": {"uv": [0, 0, 7, 1], "texture": "#1"}, "west": {"uv": [0, 0, 1, 1], "texture": "#1"}, "up": {"uv": [0, 0, 7, 1], "texture": "#1"}, "down": {"uv": [0, 0, 7, 1], "texture": "#1"}}}, {"name": "sign", "from": [6, 13, 6], "to": [10, 14, 7], "faces": {"north": {"uv": [5.775, 0, 9.775, 1.1667], "texture": "#2"}, "east": {"uv": [0, 0, 1, 1], "texture": "#1"}, "south": {"uv": [0, 0, 4, 1], "texture": "#1"}, "west": {"uv": [0, 0, 1, 1], "texture": "#1"}, "up": {"uv": [0, 0, 4, 1], "texture": "#1"}, "down": {"uv": [0, 0, 4, 1], "texture": "#1"}}}]}