{"credit": "Made with Blockbench by Mc_Jeronimo", "textures": {"1": "girsignals:blocks/default/shield_black", "3": "girsignals:blocks/lamps/lamp_dark", "particle": "girsignals:blocks/default/shield_black"}, "elements": [{"name": "lamp_white_sh_2", "from": [2.5, 16, 5.9], "to": [4.5, 18, 5.9], "faces": {"north": {"uv": [1, 1, 3, 3], "texture": "#3"}}}, {"name": "hoods6_1", "from": [4.5, 17, 4], "to": [5.5, 18, 6], "faces": {"north": {"uv": [0, 0, 1, 1], "texture": "#1"}, "east": {"uv": [0, 0, 2, 1], "texture": "#1"}, "west": {"uv": [0, 0, 2, 1], "texture": "#1"}, "up": {"uv": [0, 0, 1, 2], "texture": "#1"}, "down": {"uv": [0, 0, 1, 2], "texture": "#1"}}}, {"name": "hoods6_2", "from": [2.5, 18, 3], "to": [4.5, 19, 6], "faces": {"north": {"uv": [0, 0, 2, 1], "texture": "#1"}, "east": {"uv": [0, 0, 3, 1], "texture": "#1"}, "west": {"uv": [0, 0, 3, 1], "texture": "#1"}, "up": {"uv": [0, 0, 2, 3], "texture": "#1"}, "down": {"uv": [0, 0, 2, 3], "texture": "#1"}}}, {"name": "hoods6_3", "from": [1.5, 17, 4], "to": [2.5, 18, 6], "faces": {"north": {"uv": [0, 0, 1, 1], "texture": "#1"}, "east": {"uv": [0, 0, 2, 1], "texture": "#1"}, "west": {"uv": [0, 0, 2, 1], "texture": "#1"}, "up": {"uv": [0, 0, 1, 2], "texture": "#1"}, "down": {"uv": [0, 0, 1, 2], "texture": "#1"}}}, {"from": [1.5, 16, 6], "to": [5.5, 19, 8], "faces": {"north": {"uv": [0, 0, 4, 3], "texture": "#1"}, "east": {"uv": [0, 0, 2, 3], "texture": "#1"}, "south": {"uv": [0, 0, 4, 3], "texture": "#1"}, "west": {"uv": [0, 0, 2, 3], "texture": "#1"}, "up": {"uv": [0, 0, 4, 2], "texture": "#1"}, "down": {"uv": [0, 0, 4, 2], "texture": "#1"}}}, {"name": "lamp_white_sh_3", "from": [7, 4, 5.9], "to": [9, 6, 5.9], "faces": {"north": {"uv": [1, 1, 3, 3], "texture": "#3"}}}, {"name": "hoods6_2", "from": [6, 5, 4], "to": [7, 6, 6], "faces": {"north": {"uv": [0, 0, 1, 1], "texture": "#1"}, "east": {"uv": [0, 0, 2, 1], "texture": "#1"}, "west": {"uv": [0, 0, 2, 1], "texture": "#1"}, "up": {"uv": [0, 0, 1, 2], "texture": "#1"}, "down": {"uv": [0, 0, 1, 2], "texture": "#1"}}}, {"name": "hoods6_3", "from": [7, 6, 3], "to": [9, 7, 6], "faces": {"north": {"uv": [0, 0, 2, 1], "texture": "#1"}, "east": {"uv": [0, 0, 3, 1], "texture": "#1"}, "west": {"uv": [0, 0, 3, 1], "texture": "#1"}, "up": {"uv": [0, 0, 2, 3], "texture": "#1"}, "down": {"uv": [0, 0, 2, 3], "texture": "#1"}}}, {"name": "hoods6_4", "from": [9, 5, 4], "to": [10, 6, 6], "faces": {"north": {"uv": [0, 0, 1, 1], "texture": "#1"}, "east": {"uv": [0, 0, 2, 1], "texture": "#1"}, "west": {"uv": [0, 0, 2, 1], "texture": "#1"}, "up": {"uv": [0, 0, 1, 2], "texture": "#1"}, "down": {"uv": [0, 0, 1, 2], "texture": "#1"}}}, {"from": [6, 4, 6], "to": [10, 7, 8], "faces": {"north": {"uv": [0, 0, 4, 3], "texture": "#1"}, "east": {"uv": [0, 0, 2, 3], "texture": "#1"}, "south": {"uv": [0, 0, 4, 3], "texture": "#1"}, "west": {"uv": [0, 0, 2, 3], "texture": "#1"}, "up": {"uv": [0, 0, 4, 2], "texture": "#1"}, "down": {"uv": [0, 0, 4, 2], "texture": "#1"}}}], "groups": [{"name": "group", "origin": [0, 0, 0], "color": 0, "children": [0, 1, 2, 3, 4]}, {"name": "group", "origin": [0, 0, 0], "color": 0, "children": [5, 6, 7, 8, 9]}]}