{"credit": "Made with Blockbench by Mc_Jeronimo", "textures": {"0": "girsignals:blocks/default/shield_gray", "1": "girsignals:blocks/default/shield_black", "2": "girsignals:blocks/ra/ra11a", "particle": "girsignals:blocks/default/shield_gray"}, "elements": [{"name": "mast", "from": [7, 0, 7], "to": [9, 11, 9], "faces": {"north": {"uv": [0, 0, 2, 11], "texture": "#0"}, "east": {"uv": [0, 0, 2, 16], "texture": "#0"}, "south": {"uv": [0, 0, 2, 16], "texture": "#0"}, "west": {"uv": [0, 0, 2, 16], "texture": "#0"}, "up": {"uv": [0, 0, 2, 2], "texture": "#0"}, "down": {"uv": [0, 0, 2, 2], "texture": "#0"}}}, {"from": [6.25, 7, 6], "to": [9.75, 8, 7], "faces": {"north": {"uv": [4, 8, 7.5, 9], "texture": "#2"}, "east": {"uv": [0, 0, 3.5, 1], "texture": "#1"}, "south": {"uv": [0, 0, 3.5, 1], "texture": "#1"}, "west": {"uv": [0, 0, 3.5, 1], "texture": "#1"}, "up": {"uv": [0, 0, 3.5, 1], "texture": "#1"}, "down": {"uv": [0, 0, 3.5, 1], "texture": "#1"}}}, {"from": [5.75, 8, 6], "to": [10.25, 9, 7], "faces": {"north": {"uv": [3.5, 7, 8, 8], "texture": "#2"}, "east": {"uv": [0, 0, 4.5, 1], "texture": "#1"}, "south": {"uv": [0, 0, 4.5, 1], "texture": "#1"}, "west": {"uv": [0, 0, 4.5, 1], "texture": "#1"}, "up": {"uv": [0, 0, 4.5, 1], "texture": "#1"}, "down": {"uv": [0, 0, 4.5, 1], "texture": "#1"}}}, {"from": [4.75, 10, 6], "to": [11.25, 11, 7], "faces": {"north": {"uv": [2.5, 5, 9, 6], "texture": "#2"}, "east": {"uv": [0, 0, 6.5, 1], "texture": "#1"}, "south": {"uv": [0, 0, 6.5, 1], "texture": "#1"}, "west": {"uv": [0, 0, 6.5, 1], "texture": "#1"}, "up": {"uv": [0, 0, 6.5, 1], "texture": "#1"}, "down": {"uv": [0, 0, 6.5, 1], "texture": "#1"}}}, {"from": [10.75, 14, 6], "to": [13.25, 15, 7], "faces": {"north": {"uv": [0.5, 1, 3, 2], "texture": "#2"}, "east": {"uv": [0.5, 1, 3, 2], "texture": "#1"}, "south": {"uv": [0.5, 1, 3, 2], "texture": "#1"}, "west": {"uv": [0.5, 1, 3, 2], "texture": "#1"}, "up": {"uv": [0.5, 1, 3, 2], "texture": "#1"}, "down": {"uv": [0.5, 1, 3, 2], "texture": "#1"}}}, {"from": [2.75, 14, 6], "to": [5.25, 15, 7], "faces": {"north": {"uv": [8.5, 1, 11, 2], "texture": "#2"}, "east": {"uv": [0, 0, 2.5, 1], "texture": "#1"}, "south": {"uv": [0, 0, 2.5, 1], "texture": "#1"}, "west": {"uv": [0, 0, 2.5, 1], "texture": "#1"}, "up": {"uv": [0, 0, 2.5, 1], "texture": "#1"}, "down": {"uv": [0, 0, 2.5, 1], "texture": "#1"}}}, {"from": [7.25, 13, 6], "to": [8.75, 14, 7], "faces": {"north": {"uv": [5, 2, 6.5, 3], "texture": "#2"}, "east": {"uv": [0, 0, 1.5, 1], "texture": "#1"}, "south": {"uv": [0, 0, 1.5, 1], "texture": "#1"}, "west": {"uv": [0, 0, 1.5, 1], "texture": "#1"}, "up": {"uv": [0, 0, 1.5, 1], "texture": "#1"}, "down": {"uv": [0, 0, 1.5, 1], "texture": "#1"}}}, {"from": [7.75, 14, 6], "to": [8.25, 14.5, 7], "faces": {"north": {"uv": [5.5, 1.5, 6, 2], "texture": "#2"}, "east": {"uv": [0, 0, 0.5, 0.5], "texture": "#1"}, "south": {"uv": [0, 0, 0.5, 0.5], "texture": "#1"}, "west": {"uv": [0, 0, 0.5, 0.5], "texture": "#1"}, "up": {"uv": [0, 0, 0.5, 0.5], "texture": "#1"}, "down": {"uv": [0, 0, 0.5, 0.5], "texture": "#1"}}}, {"from": [9.75, 12, 6], "to": [12.25, 13, 7], "faces": {"north": {"uv": [1.5, 3, 4, 4], "texture": "#2"}, "east": {"uv": [0, 0, 2.5, 1], "texture": "#1"}, "south": {"uv": [0, 0, 2.5, 1], "texture": "#1"}, "west": {"uv": [0, 0, 2.5, 1], "texture": "#1"}, "up": {"uv": [0, 0, 2.5, 1], "texture": "#1"}, "down": {"uv": [0, 0, 2.5, 1], "texture": "#1"}}}, {"from": [3.75, 12, 6], "to": [6.25, 13, 7], "faces": {"north": {"uv": [7.5, 3, 10, 4], "texture": "#2"}, "east": {"uv": [0, 0, 2.5, 1], "texture": "#1"}, "south": {"uv": [0, 0, 2.5, 1], "texture": "#1"}, "west": {"uv": [0, 0, 2.5, 1], "texture": "#1"}, "up": {"uv": [0, 0, 2.5, 1], "texture": "#1"}, "down": {"uv": [0, 0, 2.5, 1], "texture": "#1"}}}, {"from": [5.25, 9, 6], "to": [10.75, 10, 7], "faces": {"north": {"uv": [3, 6, 8.5, 7], "texture": "#2"}, "east": {"uv": [0, 0, 5.5, 1], "texture": "#1"}, "south": {"uv": [0, 0, 5.5, 1], "texture": "#1"}, "west": {"uv": [0, 0, 5.5, 1], "texture": "#1"}, "up": {"uv": [0, 0, 5.5, 1], "texture": "#1"}, "down": {"uv": [0, 0, 5.5, 1], "texture": "#1"}}}, {"from": [4.25, 11, 6], "to": [11.75, 12, 7], "faces": {"north": {"uv": [2, 4, 9.5, 5], "texture": "#2"}, "east": {"uv": [0, 0, 7.5, 1], "texture": "#1"}, "south": {"uv": [0, 0, 7.5, 1], "texture": "#1"}, "west": {"uv": [0, 0, 7.5, 1], "texture": "#1"}, "up": {"uv": [0, 0, 7.5, 1], "texture": "#1"}, "down": {"uv": [0, 0, 7.5, 1], "texture": "#1"}}}, {"from": [6.75, 12, 6], "to": [9.25, 13, 7], "faces": {"north": {"uv": [4.5, 3, 7, 4], "texture": "#2"}, "east": {"uv": [0, 0, 2.5, 1], "texture": "#1"}, "south": {"uv": [0, 0, 2.5, 1], "texture": "#1"}, "west": {"uv": [0, 0, 2.5, 1], "texture": "#1"}, "up": {"uv": [0, 0, 2.5, 1], "texture": "#1"}, "down": {"uv": [0, 0, 2.5, 1], "texture": "#1"}}}, {"from": [10.25, 13, 6], "to": [12.75, 14, 7], "faces": {"north": {"uv": [1, 2, 3.5, 3], "texture": "#2"}, "east": {"uv": [1, 2, 3.5, 3], "texture": "#1"}, "south": {"uv": [1, 2, 3.5, 3], "texture": "#1"}, "west": {"uv": [1, 2, 3.5, 3], "texture": "#1"}, "up": {"uv": [1, 2, 3.5, 3], "texture": "#1"}, "down": {"uv": [1, 2, 3.5, 3], "texture": "#1"}}}, {"from": [3.25, 13, 6], "to": [5.75, 14, 7], "faces": {"north": {"uv": [8, 2, 10.5, 3], "texture": "#2"}, "east": {"uv": [0, 0, 2.5, 1], "texture": "#1"}, "south": {"uv": [0, 0, 2.5, 1], "texture": "#1"}, "west": {"uv": [0, 0, 2.5, 1], "texture": "#1"}, "up": {"uv": [0, 0, 2.5, 1], "texture": "#1"}, "down": {"uv": [0, 0, 2.5, 1], "texture": "#1"}}}, {"from": [11.25, 15, 6], "to": [13.75, 16, 7], "faces": {"north": {"uv": [0, 0, 2.5, 1], "texture": "#2"}, "east": {"uv": [0, 0, 2.5, 1], "texture": "#1"}, "south": {"uv": [0, 0, 2.5, 1], "texture": "#1"}, "west": {"uv": [0, 0, 2.5, 1], "texture": "#1"}, "up": {"uv": [0, 0, 2.5, 1], "texture": "#1"}, "down": {"uv": [0, 0, 2.5, 1], "texture": "#1"}}}, {"from": [2.25, 15, 6], "to": [4.75, 16, 7], "faces": {"north": {"uv": [9, 0, 11.5, 1], "texture": "#2"}, "east": {"uv": [0, 0, 2.5, 1], "texture": "#1"}, "south": {"uv": [0, 0, 2.5, 1], "texture": "#1"}, "west": {"uv": [0, 0, 2.5, 1], "texture": "#1"}, "up": {"uv": [0, 0, 2.5, 1], "texture": "#1"}, "down": {"uv": [0, 0, 2.5, 1], "texture": "#1"}}}]}