{"credit": "Made with Blockbench by Mc_Jeronimo", "textures": {"0": "girsignals:blocks/ra/ra12", "particle": "girsignals:blocks/ra/ra12"}, "elements": [{"from": [7, 0, 7], "to": [9, 6, 9], "faces": {"north": {"uv": [10, 0, 12, 6], "texture": "#0"}, "east": {"uv": [8, 0, 10, 6], "texture": "#0"}, "south": {"uv": [10, 0, 12, 6], "texture": "#0"}, "west": {"uv": [8, 0, 10, 6], "texture": "#0"}, "up": {"uv": [5, 0, 7, 2], "texture": "#0"}, "down": {"uv": [9, 4, 11, 6], "texture": "#0"}}}, {"from": [7, 2, 6], "to": [9, 5, 7], "faces": {"north": {"uv": [2, 0, 4, 3], "texture": "#0"}, "east": {"uv": [1, 0, 2, 3], "texture": "#0"}, "west": {"uv": [0, 0, 1, 3], "texture": "#0"}, "up": {"uv": [0, 0, 2, 1], "texture": "#0"}, "down": {"uv": [0, 0, 2, 1], "texture": "#0"}}}, {"from": [7, 2, 9], "to": [9, 5, 10], "faces": {"east": {"uv": [0, 0, 1, 3], "texture": "#0"}, "south": {"uv": [2, 0, 4, 3], "texture": "#0"}, "west": {"uv": [1, 0, 2, 3], "texture": "#0"}, "up": {"uv": [2, 0, 4, 1], "texture": "#0"}, "down": {"uv": [2, 0, 4, 1], "texture": "#0"}}}, {"from": [9, 2, 7], "to": [10, 5, 9], "faces": {"north": {"uv": [2, 0, 3, 3], "texture": "#0"}, "east": {"uv": [0, 0, 2, 3], "texture": "#0"}, "south": {"uv": [0, 0, 1, 3], "texture": "#0"}, "up": {"uv": [2, 0, 4, 1], "rotation": 90, "texture": "#0"}, "down": {"uv": [0, 0, 2, 1], "rotation": 90, "texture": "#0"}}}, {"from": [6, 2, 7], "to": [7, 5, 9], "faces": {"north": {"uv": [0, 0, 1, 3], "texture": "#0"}, "south": {"uv": [1, 0, 2, 3], "texture": "#0"}, "west": {"uv": [0, 0, 2, 3], "texture": "#0"}, "up": {"uv": [0, 0, 2, 1], "rotation": 90, "texture": "#0"}, "down": {"uv": [2, 0, 4, 1], "rotation": 90, "texture": "#0"}}}]}