{"credit": "Made with Blockbench by Mc_Jeronimo", "texture_size": [32, 32], "textures": {"0": "girsignals:blocks/default/mast", "2": "girsignals:blocks/default/shield_black", "particle": "girsignals:blocks/default/shield_black", "lamp_1": "girsignals:blocks/lamps/lamp_dark", "lamp_2": "girsignals:blocks/lamps/lamp_dark", "lamp_3": "girsignals:blocks/lamps/lamp_dark", "lamp_4": "girsignals:blocks/lamps/lamp_dark", "lamp_5": "girsignals:blocks/lamps/lamp_dark", "lamp_6": "girsignals:blocks/lamps/lamp_dark"}, "elements": [{"from": [2, -6, 6], "to": [4, -5, 8], "rotation": {"angle": 0, "axis": "x", "origin": [8, 8, 8]}, "faces": {"north": {"uv": [0, 0, 1, 0.5], "texture": "#2"}, "east": {"uv": [0, 0, 1, 0.5], "texture": "#2"}, "south": {"uv": [0, 0, 1, 0.5], "texture": "#2"}, "west": {"uv": [0, 0, 1, 0.5], "texture": "#2"}, "up": {"uv": [0, 0, 1, 0.5], "texture": "#2"}, "down": {"uv": [0, 0, 1, 0.5], "texture": "#2"}}}, {"from": [12, -6, 6], "to": [14, -5, 8], "rotation": {"angle": 0, "axis": "x", "origin": [8, 8, 8]}, "faces": {"north": {"uv": [0, 0, 1, 0.5], "texture": "#2"}, "east": {"uv": [0, 0, 1, 0.5], "texture": "#2"}, "south": {"uv": [0, 0, 1, 0.5], "texture": "#2"}, "west": {"uv": [0, 0, 1, 0.5], "texture": "#2"}, "up": {"uv": [0, 0, 1, 0.5], "texture": "#2"}, "down": {"uv": [0, 0, 1, 0.5], "texture": "#2"}}}, {"from": [12, 7, 6], "to": [14, 8, 8], "rotation": {"angle": 0, "axis": "x", "origin": [8, 8, 8]}, "faces": {"north": {"uv": [0, 0, 1, 0.5], "texture": "#2"}, "east": {"uv": [0, 0, 1, 0.5], "texture": "#2"}, "south": {"uv": [0, 0, 1, 0.5], "texture": "#2"}, "west": {"uv": [0, 0, 1, 0.5], "texture": "#2"}, "up": {"uv": [0, 0, 1, 0.5], "texture": "#2"}, "down": {"uv": [0, 0, 1, 0.5], "texture": "#2"}}}, {"from": [2, 7, 6], "to": [4, 8, 8], "rotation": {"angle": 0, "axis": "x", "origin": [8, 8, 8]}, "faces": {"north": {"uv": [0, 0, 1, 0.5], "texture": "#2"}, "east": {"uv": [0, 0, 1, 0.5], "texture": "#2"}, "south": {"uv": [0, 0, 1, 0.5], "texture": "#2"}, "west": {"uv": [0, 0, 1, 0.5], "texture": "#2"}, "up": {"uv": [0, 0, 1, 0.5], "texture": "#2"}, "down": {"uv": [0, 0, 1, 0.5], "texture": "#2"}}}, {"from": [1, -5, 6], "to": [4, -3, 8], "rotation": {"angle": 0, "axis": "x", "origin": [8, 8, 8]}, "faces": {"north": {"uv": [0, 0, 1.5, 1], "texture": "#2"}, "east": {"uv": [0, 0, 1.5, 1], "texture": "#2"}, "south": {"uv": [0, 0, 1.5, 1], "texture": "#2"}, "west": {"uv": [0, 0, 1.5, 1], "texture": "#2"}, "up": {"uv": [0, 0, 1.5, 1], "texture": "#2"}, "down": {"uv": [0, 0, 1.5, 1], "texture": "#2"}}}, {"from": [12, -5, 6], "to": [15, -3, 8], "rotation": {"angle": 0, "axis": "x", "origin": [8, 8, 8]}, "faces": {"north": {"uv": [0, 0, 1.5, 1], "texture": "#2"}, "east": {"uv": [0, 0, 1.5, 1], "texture": "#2"}, "south": {"uv": [0, 0, 1.5, 1], "texture": "#2"}, "west": {"uv": [0, 0, 1.5, 1], "texture": "#2"}, "up": {"uv": [0, 0, 1.5, 1], "texture": "#2"}, "down": {"uv": [0, 0, 1.5, 1], "texture": "#2"}}}, {"from": [12, 5, 6], "to": [15, 7, 8], "rotation": {"angle": 0, "axis": "x", "origin": [8, 8, 8]}, "faces": {"north": {"uv": [0, 0, 1.5, 1], "texture": "#2"}, "east": {"uv": [0, 0, 1.5, 1], "texture": "#2"}, "south": {"uv": [0, 0, 1.5, 1], "texture": "#2"}, "west": {"uv": [0, 0, 1.5, 1], "texture": "#2"}, "up": {"uv": [0, 0, 1.5, 1], "texture": "#2"}, "down": {"uv": [0, 0, 1.5, 1], "texture": "#2"}}}, {"from": [1, 5, 6], "to": [4, 7, 8], "rotation": {"angle": 0, "axis": "x", "origin": [8, 8, 8]}, "faces": {"north": {"uv": [0, 0, 1.5, 1], "texture": "#2"}, "east": {"uv": [0, 0, 1.5, 1], "texture": "#2"}, "south": {"uv": [0, 0, 1.5, 1], "texture": "#2"}, "west": {"uv": [0, 0, 1.5, 1], "texture": "#2"}, "up": {"uv": [0, 0, 1.5, 1], "texture": "#2"}, "down": {"uv": [0, 0, 1.5, 1], "texture": "#2"}}}, {"from": [4, -7, 6], "to": [12, -3, 8], "rotation": {"angle": 0, "axis": "x", "origin": [8, 8, 8]}, "faces": {"north": {"uv": [0, 0, 4, 2], "texture": "#2"}, "east": {"uv": [0, 0, 4, 2], "texture": "#2"}, "south": {"uv": [0, 0, 4, 2], "texture": "#2"}, "west": {"uv": [0, 0, 4, 2], "texture": "#2"}, "up": {"uv": [0, 0, 4, 2], "texture": "#2"}, "down": {"uv": [0, 0, 4, 2], "texture": "#2"}}}, {"from": [4, 5, 6], "to": [12, 9, 8], "rotation": {"angle": 0, "axis": "x", "origin": [8, 8, 8]}, "faces": {"north": {"uv": [0, 0, 4, 2], "texture": "#2"}, "east": {"uv": [0, 0, 4, 2], "texture": "#2"}, "south": {"uv": [0, 0, 4, 2], "texture": "#2"}, "west": {"uv": [0, 0, 4, 2], "texture": "#2"}, "up": {"uv": [0, 0, 4, 2], "texture": "#2"}, "down": {"uv": [0, 0, 4, 2], "texture": "#2"}}}, {"from": [0, -3, 6], "to": [16, 5, 8], "rotation": {"angle": 0, "axis": "x", "origin": [8, 8, 8]}, "faces": {"north": {"uv": [0, 0, 8, 4], "texture": "#2"}, "east": {"uv": [0, 0, 1, 4], "texture": "#2"}, "south": {"uv": [0, 0, 8, 4], "texture": "#2"}, "west": {"uv": [0, 0, 1, 4], "texture": "#2"}, "up": {"uv": [0, 0, 8, 1], "texture": "#2"}, "down": {"uv": [0, 0, 8, 1], "texture": "#2"}}}, {"name": "lamp_2", "from": [7, 0, 5.9], "to": [9, 2, 5.9], "rotation": {"angle": 0, "axis": "x", "origin": [8, 8, 8]}, "faces": {"north": {"uv": [1, 1, 3, 3], "texture": "#lamp_2"}}}, {"name": "lamp_1", "from": [7, -6, 5.9], "to": [9, -4, 5.9], "rotation": {"angle": 0, "axis": "x", "origin": [8, 8, 8]}, "faces": {"north": {"uv": [1, 1, 3, 3], "texture": "#lamp_1"}}}, {"name": "lamp_1", "from": [7, -3, 5.9], "to": [9, -1, 5.9], "rotation": {"angle": 0, "axis": "x", "origin": [8, 8, 8]}, "faces": {"north": {"uv": [1, 1, 3, 3], "texture": "#lamp_1"}}}, {"name": "lamp_3", "from": [7, 6, 5.9], "to": [9, 8, 5.9], "rotation": {"angle": 0, "axis": "x", "origin": [8, 8, 8]}, "faces": {"north": {"uv": [1, 1, 3, 3], "texture": "#lamp_3"}}}, {"name": "lamp_3", "from": [7, 3, 5.9], "to": [9, 5, 5.9], "rotation": {"angle": 0, "axis": "x", "origin": [8, 8, 8]}, "faces": {"north": {"uv": [1, 1, 3, 3], "texture": "#lamp_3"}}}, {"name": "lamp_5", "from": [4, 0, 5.9], "to": [6, 2, 5.9], "rotation": {"angle": 0, "axis": "x", "origin": [8, 8, 8]}, "faces": {"north": {"uv": [1, 1, 3, 3], "texture": "#lamp_5"}}}, {"name": "lamp_5", "from": [1, 0, 5.9], "to": [3, 2, 5.9], "rotation": {"angle": 0, "axis": "x", "origin": [8, 8, 8]}, "faces": {"north": {"uv": [1, 1, 3, 3], "texture": "#lamp_5"}}}, {"name": "lamp_4", "from": [13, 0, 5.9], "to": [15, 2, 5.9], "rotation": {"angle": 0, "axis": "x", "origin": [8, 8, 8]}, "faces": {"north": {"uv": [1, 1, 3, 3], "texture": "#lamp_4"}}}, {"name": "lamp_4", "from": [10, 0, 5.9], "to": [12, 2, 5.9], "rotation": {"angle": 0, "axis": "x", "origin": [8, 8, 8]}, "faces": {"north": {"uv": [1, 1, 3, 3], "texture": "#lamp_4"}}}, {"name": "lamp_6", "from": [12, -5, 5.9], "to": [14, -3, 5.9], "rotation": {"angle": 0, "axis": "x", "origin": [8, 8, 8]}, "faces": {"north": {"uv": [1, 1, 3, 3], "texture": "#lamp_6"}}}, {"name": "lamp_6", "from": [2, 5, 5.9], "to": [4, 7, 5.9], "rotation": {"angle": 0, "axis": "x", "origin": [8, 8, 8]}, "faces": {"north": {"uv": [1, 1, 3, 3], "texture": "#lamp_6"}}}, {"name": "lamp_6", "from": [9.5, -2.5, 5.9], "to": [11.5, -0.5, 5.9], "rotation": {"angle": 0, "axis": "x", "origin": [8, 8, 8]}, "faces": {"north": {"uv": [1, 1, 3, 3], "texture": "#lamp_6"}}}, {"name": "lamp_6", "from": [4.5, 2.5, 5.9], "to": [6.5, 4.5, 5.9], "rotation": {"angle": 0, "axis": "x", "origin": [8, 8, 8]}, "faces": {"north": {"uv": [1, 1, 3, 3], "texture": "#lamp_6"}}}, {"from": [7, 0, 8], "to": [9, 1, 13], "rotation": {"angle": 0, "axis": "x", "origin": [8, 8, 8]}, "faces": {"north": {"uv": [0, 0, 1, 0.5], "texture": "#0"}, "east": {"uv": [0, 0, 1.5, 0.5], "texture": "#0"}, "south": {"uv": [0, 0, 1, 0.5], "texture": "#0"}, "west": {"uv": [0, 0, 1.5, 0.5], "texture": "#0"}, "up": {"uv": [0, 0, 1, 1.5], "texture": "#0"}, "down": {"uv": [0, 0, 1, 1.5], "texture": "#0"}}}]}