{"credit": "Made with Blockbench by Mc_Jeronimo", "texture_size": [32, 32], "textures": {"0": "girsignals:blocks/default/shield_gray", "1": "girsignals:blocks/default/shield_black", "particle": "girsignals:blocks/default/shield_black", "lamp_1": "girsignals:blocks/lamps/lamp_dark", "lamp_2": "girsignals:blocks/lamps/lamp_dark", "lamp_3": "girsignals:blocks/lamps/lamp_dark", "lamp_4": "girsignals:blocks/lamps/lamp_dark", "lamp_5": "girsignals:blocks/lamps/lamp_dark"}, "elements": [{"from": [4, 4, 6], "to": [12, 12, 10], "rotation": {"angle": 0, "axis": "x", "origin": [8, 8, 8]}, "faces": {"north": {"uv": [0, 0, 4, 4], "texture": "#1"}, "east": {"uv": [0, 0, 2, 4], "texture": "#1"}, "south": {"uv": [0, 0, 4, 4], "texture": "#1"}, "west": {"uv": [0, 0, 2, 4], "texture": "#1"}, "up": {"uv": [0, 0, 4, 2], "texture": "#1"}, "down": {"uv": [0, 0, 4, 2], "texture": "#1"}}}, {"from": [7, 0, 7], "to": [9, 4, 9], "rotation": {"angle": 0, "axis": "x", "origin": [8, 8, 8]}, "faces": {"north": {"uv": [0, 0, 1, 1], "texture": "#0"}, "east": {"uv": [0, 0, 1, 1], "texture": "#0"}, "south": {"uv": [0, 0, 1, 1], "texture": "#0"}, "west": {"uv": [0, 0, 1, 1], "texture": "#0"}}}, {"from": [6.5, 8, 5], "to": [7, 9, 6], "rotation": {"angle": 0, "axis": "x", "origin": [8, 8, 8]}, "faces": {"north": {"uv": [0, 0, 0.25, 0.5], "texture": "#1"}, "east": {"uv": [0, 0, 0.5, 0.5], "texture": "#1"}, "west": {"uv": [0, 0, 0.5, 0.5], "texture": "#1"}, "up": {"uv": [0, 0, 0.25, 0.5], "texture": "#1"}, "down": {"uv": [0, 0, 0.25, 0.5], "texture": "#1"}}}, {"from": [9, 8, 5], "to": [9.5, 9, 6], "rotation": {"angle": 0, "axis": "x", "origin": [8, 8, 8]}, "faces": {"north": {"uv": [0, 0, 0.25, 0.5], "texture": "#1"}, "east": {"uv": [0, 0, 0.5, 0.5], "texture": "#1"}, "west": {"uv": [0, 0, 0.5, 0.5], "texture": "#1"}, "up": {"uv": [0, 0, 0.25, 0.5], "texture": "#1"}, "down": {"uv": [0, 0, 0.25, 0.5], "texture": "#1"}}}, {"from": [7, 9, 5], "to": [9, 9.5, 6], "rotation": {"angle": 0, "axis": "x", "origin": [8, 8, 8]}, "faces": {"north": {"uv": [0, 0, 1, 0.25], "texture": "#1"}, "east": {"uv": [0, 0, 0.5, 0.25], "texture": "#1"}, "west": {"uv": [0, 0, 0.5, 0.25], "texture": "#1"}, "up": {"uv": [0, 0, 1, 0.5], "texture": "#1"}, "down": {"uv": [0, 0, 1, 0.5], "texture": "#1"}}}, {"from": [6.5, 8, 10], "to": [7, 9, 11], "rotation": {"angle": 0, "axis": "x", "origin": [8, 8, 8]}, "faces": {"east": {"uv": [0, 0, 0.5, 0.5], "texture": "#1"}, "south": {"uv": [0, 0, 0.25, 0.5], "texture": "#1"}, "west": {"uv": [0, 0, 0.5, 0.5], "texture": "#1"}, "up": {"uv": [0, 0, 0.25, 0.5], "texture": "#1"}, "down": {"uv": [0, 0, 0.25, 0.5], "texture": "#1"}}}, {"from": [9, 8, 10], "to": [9.5, 9, 11], "rotation": {"angle": 0, "axis": "x", "origin": [8, 8, 8]}, "faces": {"east": {"uv": [0, 0, 0.5, 0.5], "texture": "#1"}, "south": {"uv": [0, 0, 0.25, 0.5], "texture": "#1"}, "west": {"uv": [0, 0, 0.5, 0.5], "texture": "#1"}, "up": {"uv": [0, 0, 0.25, 0.5], "texture": "#1"}, "down": {"uv": [0, 0, 0.25, 0.5], "texture": "#1"}}}, {"from": [7, 9, 10], "to": [9, 9.5, 11], "rotation": {"angle": 0, "axis": "x", "origin": [8, 8, 8]}, "faces": {"east": {"uv": [0, 0, 0.5, 0.25], "texture": "#1"}, "south": {"uv": [0, 0, 1, 0.25], "texture": "#1"}, "west": {"uv": [0, 0, 0.5, 0.25], "texture": "#1"}, "up": {"uv": [0, 0, 1, 0.5], "texture": "#1"}, "down": {"uv": [0, 0, 1, 0.5], "texture": "#1"}}}, {"from": [4.5, 6, 5], "to": [5, 7, 6], "rotation": {"angle": 0, "axis": "x", "origin": [8, 8, 8]}, "faces": {"north": {"uv": [0, 0, 0.25, 0.5], "texture": "#1"}, "east": {"uv": [0, 0, 0.5, 0.5], "texture": "#1"}, "west": {"uv": [0, 0, 0.5, 0.5], "texture": "#1"}, "up": {"uv": [0, 0, 0.25, 0.5], "texture": "#1"}, "down": {"uv": [0, 0, 0.25, 0.5], "texture": "#1"}}}, {"from": [7, 6, 5], "to": [7.5, 7, 6], "rotation": {"angle": 0, "axis": "x", "origin": [8, 8, 8]}, "faces": {"north": {"uv": [0, 0, 0.25, 0.5], "texture": "#1"}, "east": {"uv": [0, 0, 0.5, 0.5], "texture": "#1"}, "west": {"uv": [0, 0, 0.5, 0.5], "texture": "#1"}, "up": {"uv": [0, 0, 0.25, 0.5], "texture": "#1"}, "down": {"uv": [0, 0, 0.25, 0.5], "texture": "#1"}}}, {"from": [5, 7, 5], "to": [7, 7.5, 6], "rotation": {"angle": 0, "axis": "x", "origin": [8, 8, 8]}, "faces": {"north": {"uv": [0, 0, 1, 0.25], "texture": "#1"}, "east": {"uv": [0, 0, 0.5, 0.25], "texture": "#1"}, "west": {"uv": [0, 0, 0.5, 0.25], "texture": "#1"}, "up": {"uv": [0, 0, 1, 0.5], "texture": "#1"}, "down": {"uv": [0, 0, 1, 0.5], "texture": "#1"}}}, {"from": [4.5, 6, 10], "to": [5, 7, 11], "rotation": {"angle": 0, "axis": "x", "origin": [8, 8, 8]}, "faces": {"east": {"uv": [0, 0, 0.5, 0.5], "texture": "#1"}, "south": {"uv": [0, 0, 0.25, 0.5], "texture": "#1"}, "west": {"uv": [0, 0, 0.5, 0.5], "texture": "#1"}, "up": {"uv": [0, 0, 0.25, 0.5], "texture": "#1"}, "down": {"uv": [0, 0, 0.25, 0.5], "texture": "#1"}}}, {"from": [7, 6, 10], "to": [7.5, 7, 11], "rotation": {"angle": 0, "axis": "x", "origin": [8, 8, 8]}, "faces": {"east": {"uv": [0, 0, 0.5, 0.5], "texture": "#1"}, "south": {"uv": [0, 0, 0.25, 0.5], "texture": "#1"}, "west": {"uv": [0, 0, 0.5, 0.5], "texture": "#1"}, "up": {"uv": [0, 0, 0.25, 0.5], "texture": "#1"}, "down": {"uv": [0, 0, 0.25, 0.5], "texture": "#1"}}}, {"from": [5, 7, 10], "to": [7, 7.5, 11], "rotation": {"angle": 0, "axis": "x", "origin": [8, 8, 8]}, "faces": {"east": {"uv": [0, 0, 0.5, 0.25], "texture": "#1"}, "south": {"uv": [0, 0, 1, 0.25], "texture": "#1"}, "west": {"uv": [0, 0, 0.5, 0.25], "texture": "#1"}, "up": {"uv": [0, 0, 1, 0.5], "texture": "#1"}, "down": {"uv": [0, 0, 1, 0.5], "texture": "#1"}}}, {"from": [9, 7, 5], "to": [11, 7.5, 6], "rotation": {"angle": 0, "axis": "x", "origin": [8, 8, 8]}, "faces": {"north": {"uv": [0, 0, 1, 0.25], "texture": "#1"}, "east": {"uv": [0, 0, 0.5, 0.25], "texture": "#1"}, "west": {"uv": [0, 0, 0.5, 0.25], "texture": "#1"}, "up": {"uv": [0, 0, 1, 0.5], "texture": "#1"}, "down": {"uv": [0, 0, 1, 0.5], "texture": "#1"}}}, {"from": [11, 6, 5], "to": [11.5, 7, 6], "rotation": {"angle": 0, "axis": "x", "origin": [8, 8, 8]}, "faces": {"north": {"uv": [0, 0, 0.25, 0.5], "texture": "#1"}, "east": {"uv": [0, 0, 0.5, 0.5], "texture": "#1"}, "west": {"uv": [0, 0, 0.5, 0.5], "texture": "#1"}, "up": {"uv": [0, 0, 0.25, 0.5], "texture": "#1"}, "down": {"uv": [0, 0, 0.25, 0.5], "texture": "#1"}}}, {"from": [8.5, 6, 5], "to": [9, 7, 6], "rotation": {"angle": 0, "axis": "x", "origin": [8, 8, 8]}, "faces": {"north": {"uv": [0, 0, 0.25, 0.5], "texture": "#1"}, "east": {"uv": [0, 0, 0.5, 0.5], "texture": "#1"}, "west": {"uv": [0, 0, 0.5, 0.5], "texture": "#1"}, "up": {"uv": [0, 0, 0.25, 0.5], "texture": "#1"}, "down": {"uv": [0, 0, 0.25, 0.5], "texture": "#1"}}}, {"from": [9, 7, 10], "to": [11, 7.5, 11], "rotation": {"angle": 0, "axis": "x", "origin": [8, 8, 8]}, "faces": {"east": {"uv": [0, 0, 0.5, 0.25], "texture": "#1"}, "south": {"uv": [0, 0, 1, 0.25], "texture": "#1"}, "west": {"uv": [0, 0, 0.5, 0.25], "texture": "#1"}, "up": {"uv": [0, 0, 1, 0.5], "texture": "#1"}, "down": {"uv": [0, 0, 1, 0.5], "texture": "#1"}}}, {"from": [11, 6, 10], "to": [11.5, 7, 11], "rotation": {"angle": 0, "axis": "x", "origin": [8, 8, 8]}, "faces": {"east": {"uv": [0, 0, 0.5, 0.5], "texture": "#1"}, "south": {"uv": [0, 0, 0.25, 0.5], "texture": "#1"}, "west": {"uv": [0, 0, 0.5, 0.5], "texture": "#1"}, "up": {"uv": [0, 0, 0.25, 0.5], "texture": "#1"}, "down": {"uv": [0, 0, 0.25, 0.5], "texture": "#1"}}}, {"from": [8.5, 6, 10], "to": [9, 7, 11], "rotation": {"angle": 0, "axis": "x", "origin": [8, 8, 8]}, "faces": {"east": {"uv": [0, 0, 0.5, 0.5], "texture": "#1"}, "south": {"uv": [0, 0, 0.25, 0.5], "texture": "#1"}, "west": {"uv": [0, 0, 0.5, 0.5], "texture": "#1"}, "up": {"uv": [0, 0, 0.25, 0.5], "texture": "#1"}, "down": {"uv": [0, 0, 0.25, 0.5], "texture": "#1"}}}, {"name": "lamp_1", "from": [7, 7, 5.9], "to": [9, 9, 5.9], "rotation": {"angle": 0, "axis": "x", "origin": [8, 8, 8]}, "faces": {"north": {"uv": [1, 1, 3, 3], "texture": "#lamp_1"}}}, {"name": "lamp_2", "from": [9, 5, 5.9], "to": [11, 7, 5.9], "rotation": {"angle": 0, "axis": "x", "origin": [8, 8, 8]}, "faces": {"north": {"uv": [1, 1, 3, 3], "texture": "#lamp_2"}}}, {"name": "lamp_3", "from": [5, 5, 5.9], "to": [7, 7, 5.9], "rotation": {"angle": 0, "axis": "x", "origin": [8, 8, 8]}, "faces": {"north": {"uv": [1, 1, 3, 3], "texture": "#lamp_3"}}}, {"name": "lamp_1", "from": [7, 7, 10.1], "to": [9, 9, 10.1], "rotation": {"angle": 0, "axis": "x", "origin": [8, 8, 8]}, "faces": {"south": {"uv": [1, 1, 3, 3], "texture": "#lamp_1"}}}, {"name": "lamp_2", "from": [9, 5, 10.1], "to": [11, 7, 10.1], "rotation": {"angle": 0, "axis": "x", "origin": [8, 8, 8]}, "faces": {"south": {"uv": [1, 1, 3, 3], "texture": "#lamp_2"}}}, {"name": "lamp_3", "from": [5, 5, 10.1], "to": [7, 7, 10.1], "rotation": {"angle": 0, "axis": "x", "origin": [8, 8, 8]}, "faces": {"south": {"uv": [1, 1, 3, 3], "texture": "#lamp_3"}}}, {"name": "lamp_4", "from": [5, 9, 10.1], "to": [7, 11, 10.1], "rotation": {"angle": 0, "axis": "x", "origin": [8, 8, 8]}, "faces": {"south": {"uv": [1, 1, 3, 3], "texture": "#lamp_4"}}}, {"name": "lamp_4", "from": [5, 9, 5.9], "to": [7, 11, 5.9], "rotation": {"angle": 0, "axis": "x", "origin": [8, 8, 8]}, "faces": {"north": {"uv": [1, 1, 3, 3], "texture": "#lamp_4"}}}, {"name": "lamp_5", "from": [9, 9, 10.1], "to": [11, 11, 10.1], "rotation": {"angle": 0, "axis": "x", "origin": [8, 8, 8]}, "faces": {"south": {"uv": [1, 1, 3, 3], "texture": "#lamp_5"}}}, {"name": "lamp_5", "from": [9, 9, 5.9], "to": [11, 11, 5.9], "rotation": {"angle": 0, "axis": "x", "origin": [8, 8, 8]}, "faces": {"north": {"uv": [1, 1, 3, 3], "texture": "#lamp_5"}}}, {"from": [9, 11, 5], "to": [11, 11.5, 6], "rotation": {"angle": 0, "axis": "x", "origin": [8, 8, 8]}, "faces": {"north": {"uv": [0, 0, 1, 0.25], "texture": "#1"}, "east": {"uv": [0, 0, 0.5, 0.25], "texture": "#1"}, "west": {"uv": [0, 0, 0.5, 0.25], "texture": "#1"}, "up": {"uv": [0, 0, 1, 0.5], "texture": "#1"}, "down": {"uv": [0, 0, 1, 0.5], "texture": "#1"}}}, {"from": [11, 10, 5], "to": [11.5, 11, 6], "rotation": {"angle": 0, "axis": "x", "origin": [8, 8, 8]}, "faces": {"north": {"uv": [0, 0, 0.25, 0.5], "texture": "#1"}, "east": {"uv": [0, 0, 0.5, 0.5], "texture": "#1"}, "west": {"uv": [0, 0, 0.5, 0.5], "texture": "#1"}, "up": {"uv": [0, 0, 0.25, 0.5], "texture": "#1"}, "down": {"uv": [0, 0, 0.25, 0.5], "texture": "#1"}}}, {"from": [8.5, 10, 5], "to": [9, 11, 6], "rotation": {"angle": 0, "axis": "x", "origin": [8, 8, 8]}, "faces": {"north": {"uv": [0, 0, 0.25, 0.5], "texture": "#1"}, "east": {"uv": [0, 0, 0.5, 0.5], "texture": "#1"}, "west": {"uv": [0, 0, 0.5, 0.5], "texture": "#1"}, "up": {"uv": [0, 0, 0.25, 0.5], "texture": "#1"}, "down": {"uv": [0, 0, 0.25, 0.5], "texture": "#1"}}}, {"from": [9, 11, 10], "to": [11, 11.5, 11], "rotation": {"angle": 0, "axis": "x", "origin": [8, 8, 8]}, "faces": {"east": {"uv": [0, 0, 0.5, 0.25], "texture": "#1"}, "south": {"uv": [0, 0, 1, 0.25], "texture": "#1"}, "west": {"uv": [0, 0, 0.5, 0.25], "texture": "#1"}, "up": {"uv": [0, 0, 1, 0.5], "texture": "#1"}, "down": {"uv": [0, 0, 1, 0.5], "texture": "#1"}}}, {"from": [11, 10, 10], "to": [11.5, 11, 11], "rotation": {"angle": 0, "axis": "x", "origin": [8, 8, 8]}, "faces": {"east": {"uv": [0, 0, 0.5, 0.5], "texture": "#1"}, "south": {"uv": [0, 0, 0.25, 0.5], "texture": "#1"}, "west": {"uv": [0, 0, 0.5, 0.5], "texture": "#1"}, "up": {"uv": [0, 0, 0.25, 0.5], "texture": "#1"}, "down": {"uv": [0, 0, 0.25, 0.5], "texture": "#1"}}}, {"from": [8.5, 10, 10], "to": [9, 11, 11], "rotation": {"angle": 0, "axis": "x", "origin": [8, 8, 8]}, "faces": {"east": {"uv": [0, 0, 0.5, 0.5], "texture": "#1"}, "south": {"uv": [0, 0, 0.25, 0.5], "texture": "#1"}, "west": {"uv": [0, 0, 0.5, 0.5], "texture": "#1"}, "up": {"uv": [0, 0, 0.25, 0.5], "texture": "#1"}, "down": {"uv": [0, 0, 0.25, 0.5], "texture": "#1"}}}, {"from": [5, 11, 5], "to": [7, 11.5, 6], "rotation": {"angle": 0, "axis": "x", "origin": [8, 8, 8]}, "faces": {"north": {"uv": [0, 0, 1, 0.25], "texture": "#1"}, "east": {"uv": [0, 0, 0.5, 0.25], "texture": "#1"}, "west": {"uv": [0, 0, 0.5, 0.25], "texture": "#1"}, "up": {"uv": [0, 0, 1, 0.5], "texture": "#1"}, "down": {"uv": [0, 0, 1, 0.5], "texture": "#1"}}}, {"from": [7, 10, 5], "to": [7.5, 11, 6], "rotation": {"angle": 0, "axis": "x", "origin": [8, 8, 8]}, "faces": {"north": {"uv": [0, 0, 0.25, 0.5], "texture": "#1"}, "east": {"uv": [0, 0, 0.5, 0.5], "texture": "#1"}, "west": {"uv": [0, 0, 0.5, 0.5], "texture": "#1"}, "up": {"uv": [0, 0, 0.25, 0.5], "texture": "#1"}, "down": {"uv": [0, 0, 0.25, 0.5], "texture": "#1"}}}, {"from": [4.5, 10, 5], "to": [5, 11, 6], "rotation": {"angle": 0, "axis": "x", "origin": [8, 8, 8]}, "faces": {"north": {"uv": [0, 0, 0.25, 0.5], "texture": "#1"}, "east": {"uv": [0, 0, 0.5, 0.5], "texture": "#1"}, "west": {"uv": [0, 0, 0.5, 0.5], "texture": "#1"}, "up": {"uv": [0, 0, 0.25, 0.5], "texture": "#1"}, "down": {"uv": [0, 0, 0.25, 0.5], "texture": "#1"}}}, {"from": [5, 11, 10], "to": [7, 11.5, 11], "rotation": {"angle": 0, "axis": "x", "origin": [8, 8, 8]}, "faces": {"east": {"uv": [0, 0, 0.5, 0.25], "texture": "#1"}, "south": {"uv": [0, 0, 1, 0.25], "texture": "#1"}, "west": {"uv": [0, 0, 0.5, 0.25], "texture": "#1"}, "up": {"uv": [0, 0, 1, 0.5], "texture": "#1"}, "down": {"uv": [0, 0, 1, 0.5], "texture": "#1"}}}, {"from": [7, 10, 10], "to": [7.5, 11, 11], "rotation": {"angle": 0, "axis": "x", "origin": [8, 8, 8]}, "faces": {"east": {"uv": [0, 0, 0.5, 0.5], "texture": "#1"}, "south": {"uv": [0, 0, 0.25, 0.5], "texture": "#1"}, "west": {"uv": [0, 0, 0.5, 0.5], "texture": "#1"}, "up": {"uv": [0, 0, 0.25, 0.5], "texture": "#1"}, "down": {"uv": [0, 0, 0.25, 0.5], "texture": "#1"}}}, {"from": [4.5, 10, 10], "to": [5, 11, 11], "rotation": {"angle": 0, "axis": "x", "origin": [8, 8, 8]}, "faces": {"east": {"uv": [0, 0, 0.5, 0.5], "texture": "#1"}, "south": {"uv": [0, 0, 0.25, 0.5], "texture": "#1"}, "west": {"uv": [0, 0, 0.5, 0.5], "texture": "#1"}, "up": {"uv": [0, 0, 0.25, 0.5], "texture": "#1"}, "down": {"uv": [0, 0, 0.25, 0.5], "texture": "#1"}}}], "groups": [{"name": "body", "origin": [11, 16, 13], "color": 0, "children": [0, 1]}, {"name": "hoods1", "origin": [8, 8, 8], "color": 0, "children": [2, 3, 4, 5, 6, 7]}, {"name": "hoods2", "origin": [8, 8, 8], "color": 0, "children": [8, 9, 10, 11, 12, 13]}, {"name": "hoods3", "origin": [8, 8, 8], "color": 0, "children": [14, 15, 16, 17, 18, 19]}, {"name": "lamps", "origin": [11, 16, 13], "color": 0, "children": [20, 21, 22, 23, 24, 25, 26, 27, 28, 29]}, {"name": "hoods3", "origin": [8, 8, 8], "color": 0, "children": [30, 31, 32, 33, 34, 35]}, {"name": "hoods3", "origin": [8, 8, 8], "color": 0, "children": [36, 37, 38, 39, 40, 41]}]}