{"credit": "Made with Blockbench by Mc_Jeronimo", "texture_size": [32, 32], "textures": {"1": "girsignals:blocks/default/shield_black", "2": "girsignals:blocks/default/shield_gray", "16": "girsignals:blocks/default/controlbox", "particle": "girsignals:blocks/default/mast"}, "elements": [{"name": "mast4", "from": [7, 2, 8], "to": [9, 16, 12], "faces": {"north": {"uv": [0, 0, 2, 8], "texture": "#2"}, "east": {"uv": [0, 0, 2, 8], "texture": "#2"}, "south": {"uv": [0, 0, 2, 8], "texture": "#2"}, "west": {"uv": [0, 0, 2, 8], "texture": "#2"}, "up": {"uv": [0, 0, 2, 8], "texture": "#2"}, "down": {"uv": [0, 0, 2, 8], "texture": "#2"}}}, {"name": "mast5", "from": [5, 0, 6], "to": [11, 2, 14], "faces": {"north": {"uv": [0, 0, 2, 8], "texture": "#16"}, "east": {"uv": [0, 0, 2, 8], "texture": "#16"}, "south": {"uv": [0, 0, 2, 8], "texture": "#16"}, "west": {"uv": [0, 0, 2, 8], "texture": "#16"}, "up": {"uv": [0, 0, 2, 8], "texture": "#16"}, "down": {"uv": [0, 0, 2, 8], "texture": "#16"}}}, {"name": "controller", "from": [4, 4, 12], "to": [12, 16, 16], "faces": {"north": {"uv": [0, 0, 2, 8], "texture": "#1"}, "east": {"uv": [0, 0, 2, 8], "texture": "#1"}, "south": {"uv": [0, 0, 2, 8], "texture": "#1"}, "west": {"uv": [0, 0, 2, 8], "texture": "#1"}, "up": {"uv": [0, 0, 2, 8], "texture": "#1"}, "down": {"uv": [0, 0, 2, 8], "texture": "#1"}}}], "groups": [{"name": "base", "origin": [0, 0, 0], "children": [0, 1, 2]}]}