{"credit": "Made with Blockbench by Mc_Jeronimo", "texture_size": [32, 32], "textures": {"2": "girsignals:blocks/default/shield_gray", "particle": "girsignals:blocks/default/mast"}, "elements": [{"name": "mast2", "from": [7, 0, 8], "to": [9, 16, 12], "faces": {"north": {"uv": [0, 0, 2, 8], "texture": "#2"}, "east": {"uv": [0, 0, 2, 8], "texture": "#2"}, "south": {"uv": [0, 0, 2, 8], "texture": "#2"}, "west": {"uv": [0, 0, 2, 8], "texture": "#2"}, "up": {"uv": [0, 0, 2, 8], "texture": "#2"}, "down": {"uv": [0, 0, 2, 8], "texture": "#2"}}}], "groups": [{"name": "mast2", "origin": [-16, -16, -35], "children": [0]}]}