{"credit": "Made with Blockbench by Mc_Jeronimo", "texture_size": [32, 32], "textures": {"14": "girsignals:blocks/ne/ne2_2", "15": "girsignals:blocks/default/white", "particle": "girsignals:blocks/default/mast"}, "elements": [{"name": "ne2_2", "from": [3.5, 7, 7], "to": [12.5, 8, 8], "faces": {"north": {"uv": [0, 0, 9, 1], "texture": "#14"}, "east": {"uv": [0, 0, 0.5, 0.5], "texture": "#15"}, "south": {"uv": [0, 0, 4.5, 0.5], "texture": "#15"}, "west": {"uv": [0, 0, 0.5, 0.5], "texture": "#15"}, "up": {"uv": [0, 0, 4.5, 0.5], "texture": "#15"}, "down": {"uv": [0, 0, 4.5, 0.5], "texture": "#15"}}}, {"name": "ne2_2", "from": [4.5, 6, 7], "to": [11.5, 7, 8], "faces": {"north": {"uv": [1, 1, 8, 2], "texture": "#14"}, "east": {"uv": [0, 0, 0.5, 0.5], "texture": "#15"}, "south": {"uv": [0, 0, 3.5, 0.5], "texture": "#15"}, "west": {"uv": [0, 0, 0.5, 0.5], "texture": "#15"}, "down": {"uv": [0, 0, 3.5, 0.5], "texture": "#15"}}}, {"name": "ne2_2", "from": [6.5, 4, 7], "to": [9.5, 5, 8], "faces": {"north": {"uv": [3, 3, 6, 4], "texture": "#14"}, "east": {"uv": [0, 0, 0.5, 0.5], "texture": "#15"}, "south": {"uv": [0, 0, 1.5, 0.5], "texture": "#15"}, "west": {"uv": [0, 0, 0.5, 0.5], "texture": "#15"}, "down": {"uv": [0, 0, 1.5, 0.5], "texture": "#15"}}}, {"name": "ne2_2", "from": [5.5, 5, 7], "to": [10.5, 6, 8], "faces": {"north": {"uv": [2, 2, 7, 3], "texture": "#14"}, "east": {"uv": [0, 0, 0.5, 0.5], "texture": "#15"}, "south": {"uv": [0, 0, 2.5, 0.5], "texture": "#15"}, "west": {"uv": [0, 0, 0.5, 0.5], "texture": "#15"}, "down": {"uv": [0, 0, 2.5, 0.5], "texture": "#15"}}}, {"name": "ne2_2", "from": [7.5, 3, 7], "to": [8.5, 4, 8], "faces": {"north": {"uv": [4, 4, 5, 5], "texture": "#14"}, "east": {"uv": [0, 0, 0.5, 0.5], "texture": "#15"}, "west": {"uv": [0, 0, 0.5, 0.5], "texture": "#15"}, "down": {"uv": [4, 4, 5, 5], "texture": "#14"}}}, {"name": "ne2_2", "from": [8.5, 3.5, 7], "to": [9, 4, 8], "faces": {"north": {"uv": [3.5, 4, 4, 4.5], "texture": "#14"}, "east": {"uv": [0, 0, 0.5, 0.5], "texture": "#15"}, "south": {"uv": [3.5, 4, 4, 4.5], "texture": "#14"}, "down": {"uv": [0, 0, 0.5, 0.5], "texture": "#15"}}}, {"name": "ne2_2", "from": [9.5, 4.5, 7], "to": [10, 5, 8], "faces": {"north": {"uv": [3.5, 4, 4, 4.5], "texture": "#14"}, "east": {"uv": [0, 0, 0.5, 0.5], "texture": "#15"}, "south": {"uv": [0, 0, 0.5, 0.5], "texture": "#15"}, "down": {"uv": [0, 0, 0.5, 0.5], "texture": "#15"}}}, {"name": "ne2_2", "from": [10.5, 5.5, 7], "to": [11, 6, 8], "faces": {"north": {"uv": [0, 0, 0.5, 0.5], "texture": "#14"}, "east": {"uv": [0, 0, 0.5, 0.25], "texture": "#15"}, "south": {"uv": [0, 0, 0.25, 0.25], "texture": "#15"}, "down": {"uv": [0, 0, 0.25, 0.5], "texture": "#15"}}}, {"name": "ne2_2", "from": [11.5, 6.5, 7], "to": [12, 7, 8], "faces": {"north": {"uv": [3.5, 4, 4, 4.5], "texture": "#14"}, "east": {"uv": [0, 0, 0.5, 0.5], "texture": "#15"}, "south": {"uv": [0, 0, 0.5, 0.5], "texture": "#15"}, "down": {"uv": [0, 0, 0.5, 0.5], "texture": "#15"}}}, {"name": "ne2_2", "from": [4, 6.5, 7], "to": [4.5, 7, 8], "faces": {"north": {"uv": [3.5, 4, 4, 4.5], "texture": "#14"}, "south": {"uv": [3.5, 4, 4, 4.5], "texture": "#15"}, "west": {"uv": [3.5, 4, 4, 4.5], "texture": "#15"}, "down": {"uv": [0, 0, 0.5, 0.5], "texture": "#15"}}}, {"name": "ne2_2", "from": [5, 5.5, 7], "to": [5.5, 6, 8], "faces": {"north": {"uv": [3.5, 4, 4, 4.5], "texture": "#14"}, "south": {"uv": [0, 0, 0.5, 0.5], "texture": "#15"}, "west": {"uv": [0, 0, 0.5, 0.5], "texture": "#15"}, "down": {"uv": [0, 0, 0.25, 0.5], "texture": "#15"}}}, {"name": "ne2_2", "from": [6, 4.5, 7], "to": [6.5, 5, 8], "faces": {"north": {"uv": [3.5, 4, 4, 4.5], "texture": "#14"}, "south": {"uv": [0, 0, 0.5, 0.5], "texture": "#15"}, "west": {"uv": [0, 0, 0.5, 0.5], "texture": "#15"}, "down": {"uv": [0, 0, 0.5, 0.5], "texture": "#15"}}}, {"name": "ne2_2", "from": [7, 3.5, 7], "to": [7.5, 4, 8], "faces": {"north": {"uv": [3.5, 4, 4, 4.5], "texture": "#14"}, "south": {"uv": [3.5, 4, 4, 4.5], "texture": "#14"}, "west": {"uv": [0, 0, 0.5, 0.5], "texture": "#15"}, "down": {"uv": [0, 0, 0.5, 0.5], "texture": "#15"}}}], "groups": [{"name": "ne2_2", "origin": [0, 3, -1], "children": [0, 1, 2, 3, 4, 5, 6, 7, 8, 9, 10, 11, 12]}]}