{"credit": "Made with Blockbench by Mc_Jeronimo", "texture_size": [32, 32], "textures": {"11": "girsignals:blocks/ne/ne2", "15": "girsignals:blocks/default/white", "particle": "girsignals:blocks/default/mast"}, "elements": [{"name": "ne2", "from": [3, 5, 7], "to": [13, 19, 8], "faces": {"north": {"uv": [0, 0, 10, 14], "texture": "#11"}, "east": {"uv": [0, 0, 0.5, 7], "texture": "#15"}, "south": {"uv": [0, 0, 5, 7], "texture": "#15"}, "west": {"uv": [0, 0, 0.5, 7], "texture": "#15"}, "up": {"uv": [0, 0, 5, 0.5], "texture": "#15"}, "down": {"uv": [0, 0, 5, 0.5], "texture": "#15"}}}], "groups": [{"name": "ne2", "origin": [-5, 5, -1], "children": [0]}]}