{"credit": "Made with Blockbench by Mc_Jeronimo", "texture_size": [32, 32], "textures": {"15": "girsignals:blocks/default/white", "particle": "girsignals:blocks/default/mast"}, "elements": [{"name": "number", "from": [5, 14, 7], "to": [11, 19, 8], "faces": {"north": {"uv": [0, 0, 3, 2.5], "texture": "#15"}, "east": {"uv": [0, 0, 0.5, 2.5], "texture": "#15"}, "south": {"uv": [0, 0, 3, 2.5], "texture": "#15"}, "west": {"uv": [0, 0, 0.5, 2.5], "texture": "#15"}, "up": {"uv": [0, 0, 3, 0.5], "texture": "#15"}, "down": {"uv": [0, 0, 3, 0.5], "texture": "#15"}}}], "groups": [{"name": "number", "origin": [-2, 14, -1], "children": [0]}]}