{"credit": "Made with Blockbench by Mc_Jeronimo", "texture_size": [32, 32], "textures": {"10": "girsignals:blocks/mast_sign/mast_pfeil_gelb", "15": "girsignals:blocks/default/white", "particle": "girsignals:blocks/default/mast"}, "elements": [{"name": "sign_main_distant", "from": [7, 7, 7], "to": [9, 23, 8], "faces": {"north": {"uv": [0, 0, 16, 16], "texture": "#10"}, "east": {"uv": [0, 0, 0.5, 8], "texture": "#15"}, "west": {"uv": [0, 0, 0.5, 8], "texture": "#15"}, "up": {"uv": [0, 0, 1, 0.5], "texture": "#15"}, "down": {"uv": [0, 0, 1, 0.5], "texture": "#15"}}}], "groups": [{"name": "sign_main_distant", "origin": [0, -16, 0], "children": [0]}]}