{"credit": "Made with Blockbench by Mc_Jeronimo", "texture_size": [32, 32], "textures": {"1": "girsignals:blocks/default/shield_black", "lamp_yellownorth": "girsignals:blocks/lamps/lamp_dark", "lamp_greennorth": "girsignals:blocks/lamps/lamp_dark"}, "elements": [{"name": "lamp_yellow", "from": [11, 12, 1.9], "to": [12.5, 13.5, 1.9], "faces": {"north": {"uv": [1, 1, 3, 3], "texture": "#lamp_yellownorth"}}}, {"name": "lamp_yellow", "from": [8.5, 12, 1.9], "to": [10, 13.5, 1.9], "faces": {"north": {"uv": [1, 1, 3, 3], "texture": "#lamp_yellownorth"}}}, {"name": "lamp_yellow", "from": [6, 12, 1.9], "to": [7.5, 13.5, 1.9], "faces": {"north": {"uv": [1, 1, 3, 3], "texture": "#lamp_yellownorth"}}}, {"name": "lamp_yellow", "from": [3.5, 12, 1.9], "to": [5, 13.5, 1.9], "faces": {"north": {"uv": [1, 1, 3, 3], "texture": "#lamp_yellownorth"}}}, {"name": "lamp_green", "from": [11, 9, 1.9], "to": [12.5, 10.5, 1.9], "faces": {"north": {"uv": [1, 1, 3, 3], "texture": "#lamp_greennorth"}}}, {"name": "lamp_green", "from": [8.5, 9, 1.9], "to": [10, 10.5, 1.9], "faces": {"north": {"uv": [1, 1, 3, 3], "texture": "#lamp_greennorth"}}}, {"name": "lamp_green", "from": [6, 9, 1.9], "to": [7.5, 10.5, 1.9], "faces": {"north": {"uv": [1, 1, 3, 3], "texture": "#lamp_greennorth"}}}, {"name": "lamp_green", "from": [3.5, 9, 1.9], "to": [5, 10.5, 1.9], "faces": {"north": {"uv": [1, 1, 3, 3], "texture": "#lamp_greennorth"}}}, {"name": "hoods6_2", "from": [10, 12.5, 1], "to": [11, 13.5, 2], "faces": {"north": {"uv": [0, 0, 0.5, 0.5], "texture": "#1"}, "east": {"uv": [0, 0, 1, 0.5], "texture": "#1"}, "west": {"uv": [0, 0, 1, 0.5], "texture": "#1"}, "up": {"uv": [0, 0, 0.5, 1], "texture": "#1"}, "down": {"uv": [0, 0, 0.5, 1], "texture": "#1"}}}, {"name": "hoods6_3", "from": [5, 12.5, 1], "to": [6, 13.5, 2], "faces": {"north": {"uv": [0, 0, 0.5, 0.5], "texture": "#1"}, "east": {"uv": [0, 0, 1, 0.5], "texture": "#1"}, "west": {"uv": [0, 0, 1, 0.5], "texture": "#1"}, "up": {"uv": [0, 0, 0.5, 1], "texture": "#1"}, "down": {"uv": [0, 0, 0.5, 1], "texture": "#1"}}}, {"name": "hoods6_3", "from": [11, 13.5, -1], "to": [12.5, 14.5, 2], "faces": {"north": {"uv": [0, 0, 1, 0.5], "texture": "#1"}, "east": {"uv": [0, 0, 1.5, 0.5], "texture": "#1"}, "west": {"uv": [0, 0, 1.5, 0.5], "texture": "#1"}, "up": {"uv": [0, 0, 1, 1.5], "texture": "#1"}, "down": {"uv": [0, 0, 1, 1.5], "texture": "#1"}}}, {"name": "hoods6_4", "from": [6, 13.5, -1], "to": [7.5, 14.5, 2], "faces": {"north": {"uv": [0, 0, 1, 0.5], "texture": "#1"}, "east": {"uv": [0, 0, 1.5, 0.5], "texture": "#1"}, "west": {"uv": [0, 0, 1.5, 0.5], "texture": "#1"}, "up": {"uv": [0, 0, 1, 1.5], "texture": "#1"}, "down": {"uv": [0, 0, 1, 1.5], "texture": "#1"}}}, {"name": "hoods6_4", "from": [8.5, 13.5, -1], "to": [10, 14.5, 2], "faces": {"north": {"uv": [0, 0, 1, 0.5], "texture": "#1"}, "east": {"uv": [0, 0, 1.5, 0.5], "texture": "#1"}, "west": {"uv": [0, 0, 1.5, 0.5], "texture": "#1"}, "up": {"uv": [0, 0, 1, 1.5], "texture": "#1"}, "down": {"uv": [0, 0, 1, 1.5], "texture": "#1"}}}, {"name": "hoods6_5", "from": [3.5, 13.5, -1], "to": [5, 14.5, 2], "faces": {"north": {"uv": [0, 0, 1, 0.5], "texture": "#1"}, "east": {"uv": [0, 0, 1.5, 0.5], "texture": "#1"}, "west": {"uv": [0, 0, 1.5, 0.5], "texture": "#1"}, "up": {"uv": [0, 0, 1, 1.5], "texture": "#1"}, "down": {"uv": [0, 0, 1, 1.5], "texture": "#1"}}}, {"name": "hoods6_4", "from": [12.5, 12.5, 1], "to": [13.5, 13.5, 2], "faces": {"north": {"uv": [0, 0, 0.5, 0.5], "texture": "#1"}, "east": {"uv": [0, 0, 1, 0.5], "texture": "#1"}, "west": {"uv": [0, 0, 1, 0.5], "texture": "#1"}, "up": {"uv": [0, 0, 0.5, 1], "texture": "#1"}, "down": {"uv": [0, 0, 0.5, 1], "texture": "#1"}}}, {"name": "hoods6_5", "from": [7.5, 12.5, 1], "to": [8.5, 13.5, 2], "faces": {"north": {"uv": [0, 0, 0.5, 0.5], "texture": "#1"}, "east": {"uv": [0, 0, 1, 0.5], "texture": "#1"}, "west": {"uv": [0, 0, 1, 0.5], "texture": "#1"}, "up": {"uv": [0, 0, 0.5, 1], "texture": "#1"}, "down": {"uv": [0, 0, 0.5, 1], "texture": "#1"}}}, {"name": "hoods6_6", "from": [2.5, 12.5, 1], "to": [3.5, 13.5, 2], "faces": {"north": {"uv": [0, 0, 0.5, 0.5], "texture": "#1"}, "east": {"uv": [0, 0, 1, 0.5], "texture": "#1"}, "west": {"uv": [0, 0, 1, 0.5], "texture": "#1"}, "up": {"uv": [0, 0, 0.5, 1], "texture": "#1"}, "down": {"uv": [0, 0, 0.5, 1], "texture": "#1"}}}, {"name": "hoods6_3", "from": [10, 9.5, 1], "to": [11, 10.5, 2], "faces": {"north": {"uv": [0, 0, 0.5, 0.5], "texture": "#1"}, "east": {"uv": [0, 0, 1, 0.5], "texture": "#1"}, "west": {"uv": [0, 0, 1, 0.5], "texture": "#1"}, "up": {"uv": [0, 0, 0.5, 1], "texture": "#1"}, "down": {"uv": [0, 0, 0.5, 1], "texture": "#1"}}}, {"name": "hoods6_4", "from": [5, 9.5, 1], "to": [6, 10.5, 2], "faces": {"north": {"uv": [0, 0, 0.5, 0.5], "texture": "#1"}, "east": {"uv": [0, 0, 1, 0.5], "texture": "#1"}, "west": {"uv": [0, 0, 1, 0.5], "texture": "#1"}, "up": {"uv": [0, 0, 0.5, 1], "texture": "#1"}, "down": {"uv": [0, 0, 0.5, 1], "texture": "#1"}}}, {"name": "hoods6_4", "from": [11, 10.5, -1], "to": [12.5, 11.5, 2], "faces": {"north": {"uv": [0, 0, 1, 0.5], "texture": "#1"}, "east": {"uv": [0, 0, 1.5, 0.5], "texture": "#1"}, "west": {"uv": [0, 0, 1.5, 0.5], "texture": "#1"}, "up": {"uv": [0, 0, 1, 1.5], "texture": "#1"}, "down": {"uv": [0, 0, 1, 1.5], "texture": "#1"}}}, {"name": "hoods6_5", "from": [6, 10.5, -1], "to": [7.5, 11.5, 2], "faces": {"north": {"uv": [0, 0, 1, 0.5], "texture": "#1"}, "east": {"uv": [0, 0, 1.5, 0.5], "texture": "#1"}, "west": {"uv": [0, 0, 1.5, 0.5], "texture": "#1"}, "up": {"uv": [0, 0, 1, 1.5], "texture": "#1"}, "down": {"uv": [0, 0, 1, 1.5], "texture": "#1"}}}, {"name": "hoods6_5", "from": [8.5, 10.5, -1], "to": [10, 11.5, 2], "faces": {"north": {"uv": [0, 0, 1, 0.5], "texture": "#1"}, "east": {"uv": [0, 0, 1.5, 0.5], "texture": "#1"}, "west": {"uv": [0, 0, 1.5, 0.5], "texture": "#1"}, "up": {"uv": [0, 0, 1, 1.5], "texture": "#1"}, "down": {"uv": [0, 0, 1, 1.5], "texture": "#1"}}}, {"name": "hoods6_6", "from": [3.5, 10.5, -1], "to": [5, 11.5, 2], "faces": {"north": {"uv": [0, 0, 1, 0.5], "texture": "#1"}, "east": {"uv": [0, 0, 1.5, 0.5], "texture": "#1"}, "west": {"uv": [0, 0, 1.5, 0.5], "texture": "#1"}, "up": {"uv": [0, 0, 1, 1.5], "texture": "#1"}, "down": {"uv": [0, 0, 1, 1.5], "texture": "#1"}}}, {"name": "hoods6_5", "from": [12.5, 9.5, 1], "to": [13.5, 10.5, 2], "faces": {"north": {"uv": [0, 0, 0.5, 0.5], "texture": "#1"}, "east": {"uv": [0, 0, 1, 0.5], "texture": "#1"}, "west": {"uv": [0, 0, 1, 0.5], "texture": "#1"}, "up": {"uv": [0, 0, 0.5, 1], "texture": "#1"}, "down": {"uv": [0, 0, 0.5, 1], "texture": "#1"}}}, {"name": "hoods6_6", "from": [7.5, 9.5, 1], "to": [8.5, 10.5, 2], "faces": {"north": {"uv": [0, 0, 0.5, 0.5], "texture": "#1"}, "east": {"uv": [0, 0, 1, 0.5], "texture": "#1"}, "west": {"uv": [0, 0, 1, 0.5], "texture": "#1"}, "up": {"uv": [0, 0, 0.5, 1], "texture": "#1"}, "down": {"uv": [0, 0, 0.5, 1], "texture": "#1"}}}, {"name": "hoods7_7", "from": [2.5, 9.5, 1], "to": [3.5, 10.5, 2], "faces": {"north": {"uv": [0, 0, 0.5, 0.5], "texture": "#1"}, "east": {"uv": [0, 0, 1, 0.5], "texture": "#1"}, "west": {"uv": [0, 0, 1, 0.5], "texture": "#1"}, "up": {"uv": [0, 0, 0.5, 1], "texture": "#1"}, "down": {"uv": [0, 0, 0.5, 1], "texture": "#1"}}}, {"name": "shield18", "from": [2.5, 8, 2], "to": [13.5, 15, 3], "faces": {"north": {"uv": [0, 0, 5.5, 11.5], "texture": "#1"}, "east": {"uv": [0, 0, 1, 11.5], "texture": "#1"}, "south": {"uv": [0, 0, 5.5, 11.5], "texture": "#1"}, "west": {"uv": [0, 0, 1, 11.5], "texture": "#1"}, "up": {"uv": [0, 0, 5.5, 1], "texture": "#1"}, "down": {"uv": [0, 0, 5.5, 1], "texture": "#1"}}}, {"name": "shield20", "from": [7, 10, 5], "to": [9, 13, 8], "faces": {"north": {"uv": [0, 0, 5.5, 11.5], "texture": "#1"}, "east": {"uv": [0, 0, 1, 11.5], "texture": "#1"}, "south": {"uv": [0, 0, 5.5, 11.5], "texture": "#1"}, "west": {"uv": [0, 0, 1, 11.5], "texture": "#1"}, "up": {"uv": [0, 0, 5.5, 1], "texture": "#1"}, "down": {"uv": [0, 0, 5.5, 1], "texture": "#1"}}}, {"name": "shield19", "from": [3.5, 9, 3], "to": [12.5, 14, 5], "faces": {"north": {"uv": [0, 0, 5.5, 11.5], "texture": "#1"}, "east": {"uv": [0, 0, 1, 11.5], "texture": "#1"}, "south": {"uv": [0, 0, 5.5, 11.5], "texture": "#1"}, "west": {"uv": [0, 0, 1, 11.5], "texture": "#1"}, "up": {"uv": [0, 0, 5.5, 1], "texture": "#1"}, "down": {"uv": [0, 0, 5.5, 1], "texture": "#1"}}}], "groups": [{"name": "hl_shield2", "origin": [0, -64, 0], "color": 0, "children": [{"name": "lamps2", "origin": [0, -64, 0], "color": 0, "children": [0, 1, 2, 3, 4, 5, 6, 7]}, {"name": "hoods4", "origin": [-7, 37, -34], "color": 0, "children": [8, 9, 10, 11, 12, 13, 14, 15, 16]}, {"name": "hoods9", "origin": [-7, 34, -34], "color": 0, "children": [17, 18, 19, 20, 21, 22, 23, 24, 25]}, {"name": "shield2", "origin": [0, -64, 0], "color": 0, "children": [26, 27, 28]}]}]}