{"credit": "Made with Blockbench by Mc_Jeronimo", "texture_size": [32, 32], "textures": {"1": "girsignals:blocks/default/shield_black", "particle": "girsignals:blocks/default/shield_black", "lamp_yellownorth": "girsignals:blocks/lamps/lamp_dark", "lamp_greennorth": "girsignals:blocks/lamps/lamp_dark", "lamp_rednorth": "girsignals:blocks/lamps/lamp_dark", "lamp_red2north": "girsignals:blocks/lamps/lamp_dark", "lamp_white_sh_1north": "girsignals:blocks/lamps/lamp_dark", "lamp_white_sh_2north": "girsignals:blocks/lamps/lamp_dark", "lamp_yellow2north": "girsignals:blocks/lamps/lamp_dark"}, "elements": [{"name": "lamp_yellow", "from": [8.5, 17, 4.9], "to": [12.5, 21, 4.9], "faces": {"north": {"uv": [0, 0, 4, 4], "texture": "#lamp_yellownorth"}}}, {"name": "lamp_red", "from": [6, 9, 4.9], "to": [10, 13, 4.9], "faces": {"north": {"uv": [0, 0, 4, 4], "texture": "#lamp_rednorth"}}}, {"name": "lamp_green", "from": [3.5, 17, 4.9], "to": [7.5, 21, 4.9], "faces": {"north": {"uv": [0, 0, 4, 4], "texture": "#lamp_greennorth"}}}, {"name": "lamp_white_sh_1", "from": [4, 13, 4.9], "to": [6, 15, 4.9], "faces": {"north": {"uv": [1, 1, 3, 3], "texture": "#lamp_white_sh_1north"}}}, {"name": "lamp_white_sh_2", "from": [10, 7, 4.9], "to": [12, 9, 4.9], "faces": {"north": {"uv": [1, 1, 3, 3], "texture": "#lamp_white_sh_2north"}}}, {"name": "lamp_yellow2", "from": [8.5, 1, 4.9], "to": [12.5, 5, 4.9], "faces": {"north": {"uv": [0, 0, 4, 4], "texture": "#lamp_yellow2north"}}}, {"name": "lamp_red2", "from": [3.5, 1, 4.9], "to": [7.5, 5, 4.9], "faces": {"north": {"uv": [0, 0, 4, 4], "texture": "#lamp_red2north"}}}, {"name": "hoods1_1", "from": [12.5, 18, 4], "to": [13.5, 20, 5], "faces": {"north": {"uv": [0, 0, 0.5, 1], "texture": "#1"}, "east": {"uv": [0, 0, 0.5, 1], "texture": "#1"}, "west": {"uv": [0, 0, 0.5, 1], "texture": "#1"}, "up": {"uv": [0, 0, 0.5, 0.5], "texture": "#1"}, "down": {"uv": [0, 0, 0.5, 0.5], "texture": "#1"}}}, {"name": "hoods1_2", "from": [11.5, 20, 3], "to": [12.5, 21, 5], "faces": {"north": {"uv": [0, 0, 0.5, 0.5], "texture": "#1"}, "east": {"uv": [0, 0, 1, 0.5], "texture": "#1"}, "west": {"uv": [0, 0, 1, 0.5], "texture": "#1"}, "up": {"uv": [0, 0, 0.5, 1], "texture": "#1"}, "down": {"uv": [0, 0, 0.5, 1], "texture": "#1"}}}, {"name": "hoods1_2", "from": [9.5, 21, 1], "to": [11.5, 22, 5], "faces": {"north": {"uv": [0, 0, 0.5, 0.5], "texture": "#1"}, "east": {"uv": [0, 0, 1, 0.5], "texture": "#1"}, "west": {"uv": [0, 0, 1, 0.5], "texture": "#1"}, "up": {"uv": [0, 0, 1, 0.5], "texture": "#1"}, "down": {"uv": [0, 0, 1, 0.5], "texture": "#1"}}}, {"name": "hoods1_3", "from": [8.5, 20, 3], "to": [9.5, 21, 5], "faces": {"north": {"uv": [0, 0, 0.5, 0.5], "texture": "#1"}, "east": {"uv": [0, 0, 1, 0.5], "texture": "#1"}, "west": {"uv": [0, 0, 1, 0.5], "texture": "#1"}, "up": {"uv": [0, 0, 0.5, 1], "texture": "#1"}, "down": {"uv": [0, 0, 0.5, 1], "texture": "#1"}}}, {"name": "hoods1_4", "from": [7.5, 18, 4], "to": [8.5, 20, 5], "faces": {"north": {"uv": [0, 0, 0.5, 1], "texture": "#1"}, "east": {"uv": [0, 0, 0.5, 1], "texture": "#1"}, "west": {"uv": [0, 0, 0.5, 1], "texture": "#1"}, "up": {"uv": [0, 0, 0.5, 0.5], "texture": "#1"}, "down": {"uv": [0, 0, 0.5, 0.5], "texture": "#1"}}}, {"name": "hoods2_1", "from": [10, 10, 4], "to": [11, 12, 5], "faces": {"north": {"uv": [0, 0, 0.5, 1], "texture": "#1"}, "east": {"uv": [0, 0, 0.5, 1], "texture": "#1"}, "west": {"uv": [0, 0, 0.5, 1], "texture": "#1"}, "up": {"uv": [0, 0, 0.5, 0.5], "texture": "#1"}, "down": {"uv": [0, 0, 0.5, 0.5], "texture": "#1"}}}, {"name": "hoods2_2", "from": [9, 12, 3], "to": [10, 13, 5], "faces": {"north": {"uv": [0, 0, 0.5, 0.5], "texture": "#1"}, "east": {"uv": [0, 0, 1, 0.5], "texture": "#1"}, "west": {"uv": [0, 0, 1, 0.5], "texture": "#1"}, "up": {"uv": [0, 0, 0.5, 1], "texture": "#1"}, "down": {"uv": [0, 0, 0.5, 1], "texture": "#1"}}}, {"name": "hoods2_3", "from": [7, 13, 1], "to": [9, 14, 5], "faces": {"north": {"uv": [0, 0, 1, 0.5], "texture": "#1"}, "east": {"uv": [0, 0, 2, 0.5], "texture": "#1"}, "west": {"uv": [0, 0, 2, 0.5], "texture": "#1"}, "up": {"uv": [0, 0, 1, 2], "texture": "#1"}, "down": {"uv": [0, 0, 1, 2], "texture": "#1"}}}, {"name": "hoods2_4", "from": [6, 12, 3], "to": [7, 13, 5], "faces": {"north": {"uv": [0, 0, 0.5, 0.5], "texture": "#1"}, "east": {"uv": [0, 0, 1, 0.5], "texture": "#1"}, "west": {"uv": [0, 0, 1, 0.5], "texture": "#1"}, "up": {"uv": [0, 0, 0.5, 1], "texture": "#1"}, "down": {"uv": [0, 0, 0.5, 1], "texture": "#1"}}}, {"name": "hoods2_5", "from": [5, 10, 4], "to": [6, 12, 5], "faces": {"north": {"uv": [0, 0, 0.5, 1], "texture": "#1"}, "east": {"uv": [0, 0, 0.5, 1], "texture": "#1"}, "west": {"uv": [0, 0, 0.5, 1], "texture": "#1"}, "up": {"uv": [0, 0, 0.5, 0.5], "texture": "#1"}, "down": {"uv": [0, 0, 0.5, 0.5], "texture": "#1"}}}, {"name": "hoods3_1", "from": [6.5, 20, 3], "to": [7.5, 21, 5], "faces": {"north": {"uv": [0, 0, 0.5, 0.5], "texture": "#1"}, "east": {"uv": [0, 0, 1, 0.5], "texture": "#1"}, "west": {"uv": [0, 0, 1, 0.5], "texture": "#1"}, "up": {"uv": [0, 0, 0.5, 1], "texture": "#1"}, "down": {"uv": [0, 0, 0.5, 1], "texture": "#1"}}}, {"name": "hoods3_2", "from": [4.5, 21, 1], "to": [6.5, 22, 5], "faces": {"north": {"uv": [0, 0, 1, 0.5], "texture": "#1"}, "east": {"uv": [0, 0, 2, 0.5], "texture": "#1"}, "west": {"uv": [0, 0, 2, 0.5], "texture": "#1"}, "up": {"uv": [0, 0, 1, 2], "texture": "#1"}, "down": {"uv": [0, 0, 1, 2], "texture": "#1"}}}, {"name": "hoods3_3", "from": [2.5, 18, 4], "to": [3.5, 20, 5], "faces": {"north": {"uv": [0, 0, 0.5, 1], "texture": "#1"}, "east": {"uv": [0, 0, 0.5, 1], "texture": "#1"}, "west": {"uv": [0, 0, 0.5, 1], "texture": "#1"}, "up": {"uv": [0, 0, 0.5, 0.5], "texture": "#1"}, "down": {"uv": [0, 0, 0.5, 0.5], "texture": "#1"}}}, {"name": "hoods3_4", "from": [3.5, 20, 3], "to": [4.5, 21, 5], "faces": {"north": {"uv": [0, 0, 0.5, 0.5], "texture": "#1"}, "east": {"uv": [0, 0, 1, 0.5], "texture": "#1"}, "west": {"uv": [0, 0, 1, 0.5], "texture": "#1"}, "up": {"uv": [0, 0, 0.5, 1], "texture": "#1"}, "down": {"uv": [0, 0, 0.5, 1], "texture": "#1"}}}, {"name": "hoods5_1", "from": [6, 14, 3], "to": [7, 15, 5], "faces": {"north": {"uv": [0, 0, 0.5, 0.5], "texture": "#1"}, "east": {"uv": [0, 0, 1, 0.5], "texture": "#1"}, "west": {"uv": [0, 0, 1, 0.5], "texture": "#1"}, "up": {"uv": [0, 0, 0.5, 1], "texture": "#1"}, "down": {"uv": [0, 0, 0.5, 1], "texture": "#1"}}}, {"name": "hoods5_2", "from": [4, 15, 2], "to": [6, 16, 5], "faces": {"north": {"uv": [0, 0, 1, 0.5], "texture": "#1"}, "east": {"uv": [0, 0, 1.5, 0.5], "texture": "#1"}, "west": {"uv": [0, 0, 1.5, 0.5], "texture": "#1"}, "up": {"uv": [0, 0, 1, 1.5], "texture": "#1"}, "down": {"uv": [0, 0, 1, 1.5], "texture": "#1"}}}, {"name": "hoods5_3", "from": [3, 14, 3], "to": [4, 15, 5], "faces": {"north": {"uv": [0, 0, 0.5, 0.5], "texture": "#1"}, "east": {"uv": [0, 0, 1, 0.5], "texture": "#1"}, "west": {"uv": [0, 0, 1, 0.5], "texture": "#1"}, "up": {"uv": [0, 0, 0.5, 1], "texture": "#1"}, "down": {"uv": [0, 0, 0.5, 1], "texture": "#1"}}}, {"name": "hoods6_1", "from": [9, 8, 3], "to": [10, 9, 5], "faces": {"north": {"uv": [0, 0, 0.5, 0.5], "texture": "#1"}, "east": {"uv": [0, 0, 1, 0.5], "texture": "#1"}, "west": {"uv": [0, 0, 1, 0.5], "texture": "#1"}, "up": {"uv": [0, 0, 0.5, 1], "texture": "#1"}, "down": {"uv": [0, 0, 0.5, 1], "texture": "#1"}}}, {"name": "hoods6_2", "from": [10, 9, 2], "to": [12, 10, 5], "faces": {"north": {"uv": [0, 0, 1, 0.5], "texture": "#1"}, "east": {"uv": [0, 0, 1.5, 0.5], "texture": "#1"}, "west": {"uv": [0, 0, 1.5, 0.5], "texture": "#1"}, "up": {"uv": [0, 0, 1, 1.5], "texture": "#1"}, "down": {"uv": [0, 0, 1, 1.5], "texture": "#1"}}}, {"name": "hoods6_3", "from": [12, 8, 3], "to": [13, 9, 5], "faces": {"north": {"uv": [0, 0, 0.5, 0.5], "texture": "#1"}, "east": {"uv": [0, 0, 1, 0.5], "texture": "#1"}, "west": {"uv": [0, 0, 1, 0.5], "texture": "#1"}, "up": {"uv": [0, 0, 0.5, 1], "texture": "#1"}, "down": {"uv": [0, 0, 0.5, 1], "texture": "#1"}}}, {"name": "hoods7_1", "from": [12.5, 2, 4], "to": [13.5, 4, 5], "faces": {"north": {"uv": [0, 0, 0.5, 1], "texture": "#1"}, "east": {"uv": [0, 0, 0.5, 1], "texture": "#1"}, "west": {"uv": [0, 0, 0.5, 1], "texture": "#1"}, "up": {"uv": [0, 0, 0.5, 0.5], "texture": "#1"}, "down": {"uv": [0, 0, 0.5, 0.5], "texture": "#1"}}}, {"name": "hoods7_2", "from": [11.5, 4, 3], "to": [12.5, 5, 5], "faces": {"north": {"uv": [0, 0, 0.5, 0.5], "texture": "#1"}, "east": {"uv": [0, 0, 1, 0.5], "texture": "#1"}, "west": {"uv": [0, 0, 1, 0.5], "texture": "#1"}, "up": {"uv": [0, 0, 0.5, 1], "texture": "#1"}, "down": {"uv": [0, 0, 0.5, 1], "texture": "#1"}}}, {"name": "hoods7_3", "from": [9.5, 5, 1], "to": [11.5, 6, 5], "faces": {"north": {"uv": [0, 0, 1, 0.5], "texture": "#1"}, "east": {"uv": [0, 0, 2, 0.5], "texture": "#1"}, "west": {"uv": [0, 0, 2, 0.5], "texture": "#1"}, "up": {"uv": [0, 0, 1, 2], "texture": "#1"}, "down": {"uv": [0, 0, 1, 2], "texture": "#1"}}}, {"name": "hoods7_4", "from": [8.5, 4, 3], "to": [9.5, 5, 5], "faces": {"north": {"uv": [0, 0, 0.5, 0.5], "texture": "#1"}, "east": {"uv": [0, 0, 1, 0.5], "texture": "#1"}, "west": {"uv": [0, 0, 1, 0.5], "texture": "#1"}, "up": {"uv": [0, 0, 0.5, 1], "texture": "#1"}, "down": {"uv": [0, 0, 0.5, 1], "texture": "#1"}}}, {"name": "hoods7_5", "from": [7.5, 2, 4], "to": [8.5, 4, 5], "faces": {"north": {"uv": [0, 0, 0.5, 1], "texture": "#1"}, "east": {"uv": [0, 0, 0.5, 1], "texture": "#1"}, "west": {"uv": [0, 0, 0.5, 1], "texture": "#1"}, "up": {"uv": [0, 0, 0.5, 0.5], "texture": "#1"}, "down": {"uv": [0, 0, 0.5, 0.5], "texture": "#1"}}}, {"name": "hoods7_3", "from": [6.5, 4, 3], "to": [7.5, 5, 5], "faces": {"north": {"uv": [0, 0, 0.5, 0.5], "texture": "#1"}, "east": {"uv": [0, 0, 1, 0.5], "texture": "#1"}, "west": {"uv": [0, 0, 1, 0.5], "texture": "#1"}, "up": {"uv": [0, 0, 0.5, 1], "texture": "#1"}, "down": {"uv": [0, 0, 0.5, 1], "texture": "#1"}}}, {"name": "hoods7_4", "from": [4.5, 5, 1], "to": [6.5, 6, 5], "faces": {"north": {"uv": [0, 0, 1, 0.5], "texture": "#1"}, "east": {"uv": [0, 0, 2, 0.5], "texture": "#1"}, "west": {"uv": [0, 0, 2, 0.5], "texture": "#1"}, "up": {"uv": [0, 0, 1, 2], "texture": "#1"}, "down": {"uv": [0, 0, 1, 2], "texture": "#1"}}}, {"name": "hoods7_5", "from": [3.5, 4, 3], "to": [4.5, 5, 5], "faces": {"north": {"uv": [0, 0, 0.5, 0.5], "texture": "#1"}, "east": {"uv": [0, 0, 1, 0.5], "texture": "#1"}, "west": {"uv": [0, 0, 1, 0.5], "texture": "#1"}, "up": {"uv": [0, 0, 0.5, 1], "texture": "#1"}, "down": {"uv": [0, 0, 0.5, 1], "texture": "#1"}}}, {"name": "hoods7_6", "from": [2.5, 2, 4], "to": [3.5, 4, 5], "faces": {"north": {"uv": [0, 0, 0.5, 1], "texture": "#1"}, "east": {"uv": [0, 0, 0.5, 1], "texture": "#1"}, "west": {"uv": [0, 0, 0.5, 1], "texture": "#1"}, "up": {"uv": [0, 0, 0.5, 0.5], "texture": "#1"}, "down": {"uv": [0, 0, 0.5, 0.5], "texture": "#1"}}}, {"name": "shield1", "from": [6, 9, 7], "to": [10, 13, 9], "faces": {"north": {"uv": [0, 0, 2.5, 2.5], "texture": "#1"}, "east": {"uv": [0, 0, 2.5, 2.5], "texture": "#1"}, "south": {"uv": [0, 0, 2.5, 2.5], "texture": "#1"}, "west": {"uv": [0, 0, 2.5, 2.5], "texture": "#1"}, "up": {"uv": [0, 0, 2.5, 2.5], "texture": "#1"}, "down": {"uv": [0, 0, 2.5, 2.5], "texture": "#1"}}}, {"name": "shield3", "from": [10, 7, 7], "to": [12, 9, 8], "faces": {"north": {"uv": [0, 0, 1, 1], "texture": "#1"}, "east": {"uv": [0, 0, 1, 1], "texture": "#1"}, "south": {"uv": [0, 0, 1, 1], "texture": "#1"}, "west": {"uv": [0, 0, 1, 1], "texture": "#1"}, "up": {"uv": [0, 0, 1, 1], "texture": "#1"}, "down": {"uv": [0, 0, 1, 1], "texture": "#1"}}}, {"name": "shield4", "from": [4, 13, 7], "to": [6, 15, 8], "faces": {"north": {"uv": [0, 0, 1, 1], "texture": "#1"}, "east": {"uv": [0, 0, 1, 1], "texture": "#1"}, "south": {"uv": [0, 0, 1, 1], "texture": "#1"}, "west": {"uv": [0, 0, 1, 1], "texture": "#1"}, "up": {"uv": [0, 0, 1, 1], "texture": "#1"}, "down": {"uv": [0, 0, 1, 1], "texture": "#1"}}}, {"name": "shield5", "from": [8.5, 1, 7], "to": [12.5, 5, 9], "faces": {"north": {"uv": [0, 0, 1, 2], "texture": "#1"}, "east": {"uv": [0, 0, 1, 2], "texture": "#1"}, "south": {"uv": [0, 0, 1, 2], "texture": "#1"}, "west": {"uv": [0, 0, 1, 2], "texture": "#1"}, "up": {"uv": [0, 0, 1, 2], "texture": "#1"}, "down": {"uv": [0, 0, 1, 2], "texture": "#1"}}}, {"name": "shield6", "from": [3.5, 1, 7], "to": [7.5, 5, 9], "faces": {"north": {"uv": [0, 0, 2, 2], "texture": "#1"}, "east": {"uv": [0, 0, 2, 2], "texture": "#1"}, "south": {"uv": [0, 0, 2, 2], "texture": "#1"}, "west": {"uv": [0, 0, 2, 2], "texture": "#1"}, "up": {"uv": [0, 0, 2, 2], "texture": "#1"}, "down": {"uv": [0, 0, 2, 2], "texture": "#1"}}}, {"name": "shield6", "from": [3.5, 17, 7], "to": [7.5, 21, 9], "faces": {"north": {"uv": [0, 0, 2, 2], "texture": "#1"}, "east": {"uv": [0, 0, 2, 2], "texture": "#1"}, "south": {"uv": [0, 0, 2, 2], "texture": "#1"}, "west": {"uv": [0, 0, 2, 2], "texture": "#1"}, "up": {"uv": [0, 0, 2, 2], "texture": "#1"}, "down": {"uv": [0, 0, 2, 2], "texture": "#1"}}}, {"name": "shield7", "from": [8.5, 17, 7], "to": [12.5, 21, 9], "faces": {"north": {"uv": [0, 0, 1, 2], "texture": "#1"}, "east": {"uv": [0, 0, 1, 2], "texture": "#1"}, "south": {"uv": [0, 0, 1, 2], "texture": "#1"}, "west": {"uv": [0, 0, 1, 2], "texture": "#1"}, "up": {"uv": [0, 0, 1, 2], "texture": "#1"}, "down": {"uv": [0, 0, 1, 2], "texture": "#1"}}}, {"name": "shield8", "from": [12.5, 13, 8], "to": [13.5, 14, 18], "faces": {"north": {"uv": [0, 0, 0.5, 5], "texture": "#1"}, "east": {"uv": [0, 0, 0.5, 5], "texture": "#1"}, "south": {"uv": [0, 0, 0.5, 5], "texture": "#1"}, "west": {"uv": [0, 0, 0.5, 5], "texture": "#1"}, "up": {"uv": [0, 0, 0.5, 5], "texture": "#1"}, "down": {"uv": [0, 0, 0.5, 5], "texture": "#1"}}}, {"name": "shield9", "from": [2.5, 13, 8], "to": [3.5, 14, 18], "faces": {"north": {"uv": [0, 0, 0.5, 5], "texture": "#1"}, "east": {"uv": [0, 0, 0.5, 5], "texture": "#1"}, "south": {"uv": [0, 0, 0.5, 5], "texture": "#1"}, "west": {"uv": [0, 0, 0.5, 5], "texture": "#1"}, "up": {"uv": [0, 0, 0.5, 5], "texture": "#1"}, "down": {"uv": [0, 0, 0.5, 5], "texture": "#1"}}}, {"name": "shield10", "from": [3.5, 23, 7], "to": [12.5, 24, 8], "faces": {"north": {"uv": [0, 0, 4.5, 0.5], "texture": "#1"}, "east": {"uv": [0, 0, 4.5, 0.5], "texture": "#1"}, "south": {"uv": [0, 0, 4.5, 0.5], "texture": "#1"}, "west": {"uv": [0, 0, 4.5, 0.5], "texture": "#1"}, "up": {"uv": [0, 0, 4.5, 0.5], "texture": "#1"}, "down": {"uv": [0, 0, 4.5, 0.5], "texture": "#1"}}}, {"name": "shield11", "from": [2.5, 13, 18], "to": [13.5, 14, 19], "faces": {"north": {"uv": [1.25, 9, 6.75, 9.5], "texture": "#1"}, "east": {"uv": [1.25, 9, 6.75, 9.5], "texture": "#1"}, "south": {"uv": [1.25, 9, 6.75, 9.5], "texture": "#1"}, "west": {"uv": [1.25, 9, 6.75, 9.5], "texture": "#1"}, "up": {"uv": [1.25, 9, 6.75, 9.5], "texture": "#1"}, "down": {"uv": [1.25, 9, 6.75, 9.5], "texture": "#1"}}}, {"name": "shield12", "from": [4, 1, 18], "to": [5, 13, 19], "faces": {"north": {"uv": [0, 0, 0.5, 5.5], "texture": "#1"}, "east": {"uv": [0, 0, 0.5, 5.5], "texture": "#1"}, "south": {"uv": [0, 0, 0.5, 5.5], "texture": "#1"}, "west": {"uv": [0, 0, 0.5, 5.5], "texture": "#1"}, "up": {"uv": [0, 0, 0.5, 5.5], "texture": "#1"}, "down": {"uv": [0, 0, 0.5, 5.5], "texture": "#1"}}}, {"name": "shield13", "from": [11, 1, 18], "to": [12, 13, 19], "faces": {"north": {"uv": [0, 0, 0.5, 5.5], "texture": "#1"}, "east": {"uv": [0, 0, 0.5, 5.5], "texture": "#1"}, "south": {"uv": [0, 0, 0.5, 5.5], "texture": "#1"}, "west": {"uv": [0, 0, 0.5, 5.5], "texture": "#1"}, "up": {"uv": [0, 0, 0.5, 5.5], "texture": "#1"}, "down": {"uv": [0, 0, 0.5, 5.5], "texture": "#1"}}}, {"name": "shield14", "from": [3.5, 0, 7], "to": [12.5, 1, 8], "faces": {"north": {"uv": [0, 0, 4.5, 0.5], "texture": "#1"}, "east": {"uv": [0, 0, 4.5, 0.5], "texture": "#1"}, "south": {"uv": [0, 0, 4.5, 0.5], "texture": "#1"}, "west": {"uv": [0, 0, 4.5, 0.5], "texture": "#1"}, "up": {"uv": [0, 0, 4.5, 0.5], "texture": "#1"}, "down": {"uv": [0, 0, 4.5, 0.5], "texture": "#1"}}}, {"name": "shield15", "from": [4, 0, 8], "to": [12, 1, 19], "faces": {"north": {"uv": [0, 0, 4, 3.5], "texture": "#1"}, "east": {"uv": [0, 0, 4, 3.5], "texture": "#1"}, "south": {"uv": [0, 0, 4, 3.5], "texture": "#1"}, "west": {"uv": [0, 0, 4, 3.5], "texture": "#1"}, "up": {"uv": [0, 0, 4, 3.5], "texture": "#1"}, "down": {"uv": [0, 0, 4, 3.5], "texture": "#1"}}}, {"name": "shield17", "from": [2.5, 0, 5], "to": [13.5, 23, 7], "faces": {"north": {"uv": [0, 0, 5.5, 11.5], "texture": "#1"}, "east": {"uv": [0, 0, 1, 11.5], "texture": "#1"}, "south": {"uv": [0, 0, 5.5, 11.5], "texture": "#1"}, "west": {"uv": [0, 0, 1, 11.5], "texture": "#1"}, "up": {"uv": [0, 0, 5.5, 1], "texture": "#1"}, "down": {"uv": [0, 0, 5.5, 1], "texture": "#1"}}}, {"name": "shield18", "from": [3.5, 23, 5], "to": [12.5, 24, 7], "faces": {"north": {"uv": [0, 0, 4.5, 0.5], "texture": "#1"}, "east": {"uv": [0, 0, 1, 0.5], "texture": "#1"}, "west": {"uv": [0, 0, 1, 0.5], "texture": "#1"}, "up": {"uv": [0, 0, 4.5, 1], "texture": "#1"}}}, {"name": "shield19", "from": [12.5, 0, 7], "to": [13.5, 23, 8], "faces": {"north": {"uv": [0, 0, 0.5, 11.5], "texture": "#1"}, "east": {"uv": [0, 0, 0.5, 11.5], "texture": "#1"}, "south": {"uv": [0, 0, 0.5, 11.5], "texture": "#1"}, "west": {"uv": [0, 0, 0.5, 11.5], "texture": "#1"}, "up": {"uv": [0, 0, 0.5, 11.5], "texture": "#1"}, "down": {"uv": [0, 0, 0.5, 11.5], "texture": "#1"}}}, {"name": "shield20", "from": [2.5, 0, 7], "to": [3.5, 23, 8], "faces": {"north": {"uv": [0, 0, 0.5, 11.5], "texture": "#1"}, "east": {"uv": [0, 0, 0.5, 11.5], "texture": "#1"}, "south": {"uv": [0, 0, 0.5, 11.5], "texture": "#1"}, "west": {"uv": [0, 0, 0.5, 11.5], "texture": "#1"}, "up": {"uv": [0, 0, 0.5, 11.5], "texture": "#1"}, "down": {"uv": [0, 0, 0.5, 11.5], "texture": "#1"}}}], "groups": [{"name": "hl_shield", "origin": [-16, 16, -35], "color": 0, "children": [{"name": "lamps", "origin": [-4, 30, -31], "color": 0, "children": [0, 1, 2, 3, 4, 5, 6]}, {"name": "hoods1", "origin": [-9, 30, -31], "color": 0, "children": [7, 8, 9, 10, 11]}, {"name": "hoods2", "origin": [-15, 27, -31], "color": 0, "children": [12, 13, 14, 15, 16]}, {"name": "hoods3", "origin": [-9, 35, -31], "color": 0, "children": [17, 18, 19, 20]}, {"name": "hoods5", "origin": [-9, 34, -31], "color": 0, "children": [21, 22, 23]}, {"name": "hoods6", "origin": [-8, 32, -31], "color": 0, "children": [24, 25, 26]}, {"name": "hoods7", "origin": [-9, 31, -31], "color": 0, "children": [27, 28, 29, 30, 31]}, {"name": "hoods8", "origin": [-14, 31, -31], "color": 0, "children": [32, 33, 34, 35]}, {"name": "shield", "origin": [-22, 16, -36], "color": 0, "children": [36, 37, 38, 39, 40, 41, 42, 43, 44, 45, 46, 47, 48, 49, 50, 51, 52, 53, 54]}]}]}