{"credit": "Made with Blockbench by Mc_Jeronimo", "texture_size": [32, 32], "textures": {"9": "girsignals:blocks/mast_sign/wrw", "15": "girsignals:blocks/default/white", "particle": "girsignals:blocks/default/mast"}, "elements": [{"name": "sign_main", "from": [7, 7, 7], "to": [9, 27, 8], "faces": {"north": {"uv": [0, 0, 1, 16], "texture": "#9"}, "east": {"uv": [0, 0, 0.5, 10], "texture": "#15"}, "west": {"uv": [0, 0, 0.5, 10], "texture": "#15"}, "up": {"uv": [0, 0, 1, 0.5], "texture": "#15"}, "down": {"uv": [0, 0, 1, 0.5], "texture": "#15"}}}], "groups": [{"name": "sign_main", "origin": [0, -32, 0], "children": [0]}]}