{"credit": "Made with Blockbench by Mc_Jeronimo", "texture_size": [32, 32], "textures": {"1": "girsignals:blocks/default/shield_black", "particle": "girsignals:blocks/default/mast", "signalnorth": "girsignals:blocks/zs3/off", "overlay": "girsignals:blocks/zs3/z10"}, "elements": [{"name": "hood1", "from": [4, 15, 2], "to": [12, 23, 5], "faces": {"north": {"uv": [0, 0, 1.5, 4], "texture": "#1"}, "east": {"uv": [0, 0, 1.5, 4], "texture": "#1"}, "south": {"uv": [0, 0, 1.5, 4], "texture": "#1"}, "west": {"uv": [0, 0, 1.5, 4], "texture": "#1"}, "up": {"uv": [0, 0, 1.5, 4], "texture": "#1"}, "down": {"uv": [0, 0, 1.5, 4], "texture": "#1"}}}, {"name": "hood2", "from": [4.5, 15, 0], "to": [5.5, 22, 2], "faces": {"north": {"uv": [0, 0, 0.5, 3.5], "texture": "#1"}, "east": {"uv": [0, 0, 0.5, 3.5], "texture": "#1"}, "south": {"uv": [0, 0, 0.5, 3.5], "texture": "#1"}, "west": {"uv": [0, 0, 0.5, 3.5], "texture": "#1"}, "up": {"uv": [0, 0, 0.5, 3.5], "texture": "#1"}, "down": {"uv": [0, 0, 0.5, 3.5], "texture": "#1"}}}, {"name": "hood3", "from": [10.5, 15, 0], "to": [11.5, 22, 2], "faces": {"north": {"uv": [0, 0, 0.5, 3.5], "texture": "#1"}, "east": {"uv": [0, 0, 0.5, 3.5], "texture": "#1"}, "south": {"uv": [0, 0, 0.5, 3.5], "texture": "#1"}, "west": {"uv": [0, 0, 0.5, 3.5], "texture": "#1"}, "up": {"uv": [0, 0, 0.5, 3.5], "texture": "#1"}, "down": {"uv": [0, 0, 0.5, 3.5], "texture": "#1"}}}, {"name": "hood4", "from": [4.5, 22, 0], "to": [11.5, 23, 2], "faces": {"north": {"uv": [0, 0, 1, 0.5], "texture": "#1"}, "east": {"uv": [0, 0, 1, 0.5], "texture": "#1"}, "south": {"uv": [0, 0, 1, 0.5], "texture": "#1"}, "west": {"uv": [0, 0, 1, 0.5], "texture": "#1"}, "up": {"uv": [0, 0, 1, 0.5], "texture": "#1"}, "down": {"uv": [0, 0, 1, 0.5], "texture": "#1"}}}, {"name": "hood5", "from": [7, 14, 3], "to": [9, 15, 8], "faces": {"north": {"uv": [0, 0, 1.5, 4], "texture": "#1"}, "east": {"uv": [0, 0, 1.5, 4], "texture": "#1"}, "south": {"uv": [0, 0, 1.5, 4], "texture": "#1"}, "west": {"uv": [0, 0, 1.5, 4], "texture": "#1"}, "up": {"uv": [0, 0, 1.5, 4], "texture": "#1"}, "down": {"uv": [0, 0, 1.5, 4], "texture": "#1"}}}, {"name": "signal", "from": [5.5, 15, 1.9], "to": [10.5, 22, 1.9], "faces": {"north": {"uv": [0, 0, 5, 7], "texture": "#signalnorth"}}}, {"from": [5.5, 15, 1.9], "to": [10.5, 22, 1.9], "faces": {"north": {"uv": [0, 0, 5, 7], "texture": "#overlay", "tintindex": 1}}}], "groups": [{"name": "zs2", "origin": [-8, 15, -11], "children": [{"name": "hood3", "origin": [-25, 7, 9], "children": [0, 1, 2, 3, 4]}, {"name": "signal", "origin": [-25, 7, 9], "children": [5]}]}]}