{"credit": "Made with Blockbench by Mc_Jeronimo", "textures": {"0": "girsignals:blocks/default/shield_gray", "1": "girsignals:blocks/default/shield_black", "2": "girsignals:blocks/lf/lf1", "particle": "girsignals:blocks/default/shield_gray", "overlay": "girsignals:blocks/zs3/z8"}, "elements": [{"from": [6, 4.5, 5.98], "to": [10, 10.5, 5.98], "faces": {"north": {"uv": [0, 0, 5, 7], "texture": "#overlay", "tintindex": 0}}}, {"from": [7, 0, 7], "to": [9, 8, 9], "faces": {"north": {"uv": [0, 0, 2, 5], "texture": "#0"}, "east": {"uv": [0, 0, 2, 5], "texture": "#0"}, "south": {"uv": [0, 0, 2, 5], "texture": "#0"}, "west": {"uv": [0, 0, 2, 5], "texture": "#0"}, "up": {"uv": [0, 0, 2, 2], "texture": "#0"}, "down": {"uv": [0, 0, 2, 2], "texture": "#0"}}}, {"from": [5.5, 4, 6], "to": [10.5, 5, 7], "faces": {"north": {"uv": [3, 6, 8, 7], "texture": "#2"}, "east": {"uv": [0, 0, 5, 1.5], "texture": "#1"}, "south": {"uv": [0, 0, 5, 1.5], "texture": "#1"}, "west": {"uv": [0, 0, 5, 1.5], "texture": "#1"}, "down": {"uv": [0, 0, 5, 1.5], "texture": "#1"}}}, {"from": [4.5, 6, 6], "to": [11.5, 7, 7], "faces": {"north": {"uv": [2, 4, 9, 5], "texture": "#2"}, "east": {"uv": [0, 0, 5, 1.5], "texture": "#1"}, "south": {"uv": [0, 0, 5, 1.5], "texture": "#1"}, "west": {"uv": [0, 0, 5, 1.5], "texture": "#1"}, "down": {"uv": [0, 0, 5, 1.5], "texture": "#1"}}}, {"from": [7.5, 0, 6], "to": [8.5, 1, 7], "faces": {"north": {"uv": [5, 10, 6, 11], "texture": "#2"}, "east": {"uv": [0, 0, 1, 1.5], "texture": "#1"}, "south": {"uv": [0, 0, 1, 1.5], "texture": "#1"}, "west": {"uv": [0, 0, 1, 1.5], "texture": "#1"}, "down": {"uv": [0, 0, 1, 1.5], "texture": "#1"}}}, {"from": [6.5, 2, 6], "to": [9.5, 3, 7], "faces": {"north": {"uv": [4, 8, 7, 9], "texture": "#2"}, "east": {"uv": [0, 0, 3, 1.5], "texture": "#1"}, "south": {"uv": [0, 0, 3, 1.5], "texture": "#1"}, "west": {"uv": [0, 0, 3, 1.5], "texture": "#1"}, "down": {"uv": [0, 0, 3, 1.5], "texture": "#1"}}}, {"from": [7, 1, 6], "to": [9, 2, 7], "faces": {"north": {"uv": [4.5, 9, 6.5, 10], "texture": "#2"}, "east": {"uv": [0, 0, 3, 1.5], "texture": "#1"}, "south": {"uv": [0, 0, 3, 1.5], "texture": "#1"}, "west": {"uv": [0, 0, 3, 1.5], "texture": "#1"}, "down": {"uv": [0, 0, 3, 1.5], "texture": "#1"}}}, {"from": [6, 3, 6], "to": [10, 4, 7], "faces": {"north": {"uv": [3.5, 7, 7.5, 8], "texture": "#2"}, "east": {"uv": [0, 0, 3, 1.5], "texture": "#1"}, "south": {"uv": [0, 0, 3, 1.5], "texture": "#1"}, "west": {"uv": [0, 0, 3, 1.5], "texture": "#1"}, "down": {"uv": [0, 0, 3, 1.5], "texture": "#1"}}}, {"from": [5, 5, 6], "to": [11, 6, 7], "faces": {"north": {"uv": [2.5, 5, 8.5, 6], "texture": "#2"}, "east": {"uv": [0, 0, 1, 1.5], "texture": "#1"}, "south": {"uv": [0, 0, 1, 1.5], "texture": "#1"}, "west": {"uv": [0, 0, 1, 1.5], "texture": "#1"}, "down": {"uv": [0, 0, 1, 1.5], "texture": "#1"}}}, {"from": [4, 7, 6], "to": [12, 8, 7], "faces": {"north": {"uv": [1.5, 3, 9.5, 4], "texture": "#2"}, "east": {"uv": [0, 0, 1, 1.5], "texture": "#1"}, "south": {"uv": [0, 0, 1, 1.5], "texture": "#1"}, "west": {"uv": [0, 0, 1, 1.5], "texture": "#1"}, "down": {"uv": [0, 0, 1, 1.5], "texture": "#1"}}}, {"from": [3, 9, 6], "to": [13, 10, 7], "faces": {"north": {"uv": [0.5, 1, 10.5, 2], "texture": "#2"}, "east": {"uv": [0, 0, 1, 1.5], "texture": "#1"}, "south": {"uv": [0, 0, 1, 1.5], "texture": "#1"}, "west": {"uv": [0, 0, 1, 1.5], "texture": "#1"}, "down": {"uv": [0, 0, 1, 1.5], "texture": "#1"}}}, {"from": [3.5, 8, 6], "to": [12.5, 9, 7], "faces": {"north": {"uv": [1, 2, 10, 3], "texture": "#2"}, "east": {"uv": [0, 0, 9, 1.5], "texture": "#1"}, "south": {"uv": [0, 0, 9, 1.5], "texture": "#1"}, "west": {"uv": [0, 0, 9, 1.5], "texture": "#1"}, "down": {"uv": [0, 0, 9, 1.5], "texture": "#1"}}}, {"from": [2.5, 10, 6], "to": [13.5, 11, 7], "faces": {"north": {"uv": [0, 0, 11, 1], "texture": "#2"}, "east": {"uv": [0, 0, 11, 1.5], "texture": "#1"}, "south": {"uv": [0, 0, 11, 1.5], "texture": "#1"}, "west": {"uv": [0, 0, 11, 1.5], "texture": "#1"}, "up": {"uv": [0, 0, 11, 1.5], "texture": "#1"}, "down": {"uv": [0, 0, 11, 1.5], "texture": "#1"}}}], "groups": [0, 1, {"name": "sign", "origin": [8, 8, 8], "color": 0, "children": [2, 3, 4, 5, 6, 7, 8, 9, 10, 11, 12]}]}