{"credit": "Made with Blockbench by Mc_Jeronimo", "textures": {"0": "girsignals:blocks/default/shield_gray", "1": "girsignals:blocks/default/shield_black", "2": "girsignals:blocks/lf/lf3", "particle": "girsignals:blocks/default/shield_gray", "overlay": "girsignals:blocks/zs3/z10"}, "elements": [{"from": [7, 0, 7], "to": [9, 5, 9], "faces": {"north": {"uv": [0, 0, 2, 5], "texture": "#0"}, "east": {"uv": [0, 0, 2, 5], "texture": "#0"}, "south": {"uv": [0, 0, 2, 5], "texture": "#0"}, "west": {"uv": [0, 0, 2, 5], "texture": "#0"}, "up": {"uv": [0, 0, 2, 2], "texture": "#0"}, "down": {"uv": [0, 0, 2, 2], "texture": "#0"}}}, {"from": [4.5, 2, 5.98], "to": [11.5, 12, 5.98], "faces": {"north": {"uv": [0, 0, 5, 7], "texture": "#overlay", "tintindex": 0}}}, {"from": [3, 0, 6], "to": [13, 14, 7], "faces": {"north": {"uv": [4, 5, 12, 16], "texture": "#2"}, "east": {"uv": [0, 0, 9, 1.5], "texture": "#1"}, "south": {"uv": [0, 0, 9, 1.5], "texture": "#1"}, "west": {"uv": [0, 0, 9, 1.5], "texture": "#1"}, "up": {"uv": [0, 0, 9, 1.5], "texture": "#1"}, "down": {"uv": [0, 0, 9, 1.5], "texture": "#1"}}}], "groups": [0, 1, {"name": "sign", "origin": [8, 8, 8], "color": 0, "children": [2]}]}